funcionario_id,sexo,departamento,cargo_anterior,cargo_novo,data_promocao,meses_no_cargo_anterior,salario_anterior,salario_novo,aumento_percentual,avaliacao_no_momento
FUN-00705,F,Produto,Sênior,Coordenador,2021-08-02,36,10535.55,12261.65,16.4,4.4
FUN-00334,M,Produto,Júnior,Pleno,2021-01-13,26,3399.56,3865.95,13.7,2.6
FUN-00380,M,Marketing,Pleno,Sênior,2024-01-24,26,7193.6,8453.58,17.5,3.5
FUN-00953,F,RH,Júnior,Pleno,2022-09-04,45,4535.86,5347.17,17.9,3.0
FUN-00463,M,Financeiro,Sênior,Coordenador,2023-04-20,25,11883.21,14397.41,21.2,5.0
FUN-00924,M,Suporte,Júnior,Pleno,2024-08-06,22,3539.18,4169.22,17.8,3.2
FUN-00670,M,RH,Pleno,Sênior,2023-04-02,18,9605.19,11223.44,16.8,3.9
FUN-01179,F,Marketing,Júnior,Pleno,2024-11-08,24,4037.45,4544.87,12.6,3.9
FUN-01140,M,Vendas,Pleno,Sênior,2023-03-04,33,5805.4,7076.61,21.9,3.8
FUN-00395,M,Operações,Sênior,Coordenador,2022-08-19,18,11858.83,12244.42,3.3,3.4
FUN-01073,M,Financeiro,Sênior,Coordenador,2021-07-01,27,10271.45,11314.3,10.2,3.8
FUN-00931,F,Engenharia,Sênior,Coordenador,2020-02-03,8,10348.41,11502.64,11.2,2.1
FUN-01023,M,Suporte,Júnior,Pleno,2022-08-22,29,6977.78,7935.03,13.7,4.2
FUN-00776,M,Engenharia,Júnior,Pleno,2024-01-12,10,2785.12,3095.09,11.1,3.7
FUN-00197,F,Engenharia,Coordenador,Gerente,2023-06-09,27,14351.88,16425.22,14.4,4.7
FUN-00399,F,Vendas,Coordenador,Gerente,2021-11-08,32,14010.56,15966.04,14.0,4.4
FUN-00762,F,Engenharia,Pleno,Sênior,2022-10-12,21,6042.43,6734.72,11.5,5.0
FUN-00656,F,Engenharia,Sênior,Coordenador,2020-02-18,28,12213.89,14336.37,17.4,2.3
FUN-00202,M,Operações,Pleno,Sênior,2024-06-29,11,7435.97,8141.82,9.5,5.0
FUN-00759,F,Operações,Júnior,Pleno,2021-01-28,28,5646.34,6351.3,12.5,3.4
FUN-00116,M,Engenharia,Sênior,Coordenador,2023-03-09,36,10948.02,13280.31,21.3,4.4
FUN-01079,M,Vendas,Sênior,Coordenador,2022-11-12,23,10195.71,11634.85,14.1,4.1
FUN-01005,M,Engenharia,Pleno,Sênior,2020-08-18,24,6756.76,8354.8,23.7,3.3
FUN-00850,F,Financeiro,Sênior,Coordenador,2021-08-21,43,11712.83,13680.94,16.8,4.4
FUN-00614,F,Financeiro,Júnior,Pleno,2023-02-16,7,5316.82,6401.11,20.4,2.4
FUN-00707,F,Engenharia,Júnior,Pleno,2024-09-27,19,4011.86,4460.05,11.2,3.8
FUN-00742,M,Produto,Sênior,Coordenador,2024-05-17,24,10019.94,12152.19,21.3,2.7
FUN-00338,M,Engenharia,Sênior,Coordenador,2024-09-25,29,10598.63,11695.49,10.3,5.0
FUN-00901,F,RH,Coordenador,Gerente,2023-01-21,41,13387.7,14561.39,8.8,3.6
FUN-00150,F,Produto,Pleno,Sênior,2020-09-08,38,5225.36,6232.69,19.3,3.3
FUN-01078,M,RH,Sênior,Coordenador,2024-05-09,12,9358.95,11533.61,23.2,4.5
FUN-00965,M,Marketing,Coordenador,Gerente,2023-02-22,29,13903.98,15627.23,12.4,3.4
FUN-00358,M,Engenharia,Pleno,Sênior,2021-11-01,15,7175.05,7905.32,10.2,3.6
FUN-00997,M,Produto,Sênior,Coordenador,2021-12-30,21,11958.55,14817.94,23.9,2.1
FUN-00562,F,Marketing,Pleno,Sênior,2021-10-06,40,6884.16,7539.92,9.5,3.4
FUN-00988,M,Marketing,Pleno,Sênior,2023-08-01,9,8139.27,9423.43,15.8,3.8
FUN-01181,F,Vendas,Pleno,Sênior,2021-05-10,36,8556.07,10265.65,20.0,3.1
FUN-00818,F,Marketing,Júnior,Pleno,2024-03-11,17,4078.88,4772.77,17.0,4.0
FUN-00697,F,Engenharia,Sênior,Coordenador,2020-06-25,23,11700.81,12170.4,4.0,3.7
FUN-00325,M,Engenharia,Júnior,Pleno,2023-03-22,24,4379.6,4947.43,13.0,4.1
FUN-01055,M,Engenharia,Coordenador,Gerente,2020-10-18,6,13960.07,14695.67,5.3,3.3
FUN-00720,M,Marketing,Pleno,Sênior,2020-04-13,34,8144.48,8565.38,5.2,4.7
FUN-00932,M,RH,Júnior,Pleno,2021-03-01,30,4221.85,4796.43,13.6,3.3
FUN-00056,M,Produto,Pleno,Sênior,2020-01-15,25,6460.09,7974.5,23.4,2.8
FUN-01071,M,Vendas,Júnior,Pleno,2024-02-10,27,4003.85,4674.83,16.8,3.5
FUN-00962,M,Produto,Júnior,Pleno,2023-06-03,13,3126.61,3543.82,13.3,4.3
FUN-00228,M,Produto,Coordenador,Gerente,2022-07-24,33,14435.86,16596.76,15.0,3.5
FUN-00518,F,Suporte,Júnior,Pleno,2022-12-14,31,3456.25,3959.7,14.6,3.1
FUN-00091,M,RH,Júnior,Pleno,2023-11-21,33,4190.18,4422.89,5.6,3.5
FUN-00947,M,Vendas,Júnior,Pleno,2024-08-29,30,5005.44,5752.25,14.9,4.0
FUN-00020,F,Produto,Sênior,Coordenador,2024-06-02,35,11517.05,12550.3,9.0,3.4
FUN-00666,M,Financeiro,Pleno,Sênior,2022-04-18,16,6792.83,8308.13,22.3,3.7
FUN-00268,M,RH,Pleno,Sênior,2024-04-19,19,6899.92,7712.6,11.8,4.1
FUN-00990,F,Suporte,Pleno,Sênior,2024-02-23,24,7598.78,9070.55,19.4,3.5
FUN-00023,F,Marketing,Pleno,Sênior,2023-05-19,28,6291.33,7576.51,20.4,3.5
FUN-00847,M,Financeiro,Sênior,Coordenador,2024-08-18,20,9481.97,11548.11,21.8,3.2
FUN-00125,F,Engenharia,Júnior,Pleno,2021-06-12,37,3587.29,3784.62,5.5,4.1
FUN-00440,F,Vendas,Sênior,Coordenador,2022-05-23,46,10886.06,12123.0,11.4,4.6
FUN-00066,M,Financeiro,Pleno,Sênior,2024-09-03,37,7027.3,8333.17,18.6,3.4
FUN-00944,M,Engenharia,Sênior,Coordenador,2023-07-29,18,11680.28,12325.23,5.5,5.0
FUN-00098,F,Engenharia,Sênior,Coordenador,2020-11-20,47,10297.28,12740.93,23.7,3.7
FUN-01046,M,Financeiro,Sênior,Coordenador,2024-09-18,8,8312.12,9840.21,18.4,4.8
FUN-00517,M,Engenharia,Pleno,Sênior,2023-12-12,32,6802.67,7475.75,9.9,3.3
FUN-00780,M,RH,Sênior,Coordenador,2020-11-22,32,12380.02,14656.85,18.4,2.9
FUN-00963,M,Engenharia,Pleno,Sênior,2022-12-01,16,7774.93,8788.16,13.0,3.9
FUN-00677,F,RH,Pleno,Sênior,2020-10-25,49,6330.9,7836.36,23.8,4.3
FUN-00306,F,Operações,Júnior,Pleno,2024-09-21,29,3903.88,4425.3,13.4,3.9
FUN-00786,M,Operações,Júnior,Pleno,2024-02-14,31,4490.8,5001.62,11.4,3.7
FUN-00793,F,Operações,Pleno,Sênior,2022-01-03,64,8676.7,9603.54,10.7,4.5
FUN-00237,F,Financeiro,Júnior,Pleno,2022-11-06,54,3909.9,4308.18,10.2,3.7
FUN-00298,F,Produto,Sênior,Coordenador,2024-02-23,27,11133.71,13122.11,17.9,3.7
FUN-00530,M,Produto,Sênior,Coordenador,2023-06-04,30,9902.29,11585.67,17.0,4.3
FUN-00421,M,Produto,Pleno,Sênior,2021-01-01,11,6949.56,8175.05,17.6,2.3
FUN-01170,F,RH,Júnior,Pleno,2023-04-02,30,4400.43,5415.31,23.1,3.6
FUN-00977,F,Marketing,Júnior,Pleno,2021-09-15,40,4834.47,5402.86,11.8,3.6
FUN-00346,F,Financeiro,Coordenador,Gerente,2021-01-23,39,15324.21,17645.96,15.2,4.0
FUN-00096,F,Marketing,Pleno,Sênior,2020-11-06,10,6933.88,7700.74,11.1,4.5
FUN-01012,F,Vendas,Júnior,Pleno,2021-05-05,41,3826.69,4456.99,16.5,3.1
FUN-00381,F,Engenharia,Júnior,Pleno,2022-08-15,48,4424.84,5261.42,18.9,4.9
FUN-00547,F,RH,Júnior,Pleno,2023-06-18,32,3812.77,4257.98,11.7,4.4
FUN-01064,F,Financeiro,Júnior,Pleno,2020-07-08,26,2717.81,3029.13,11.5,3.7
FUN-00254,M,Marketing,Sênior,Coordenador,2020-11-21,18,11158.24,13037.04,16.8,4.1
FUN-00551,F,Operações,Júnior,Pleno,2024-02-03,29,2147.35,2296.37,6.9,3.9
FUN-00365,M,Produto,Pleno,Sênior,2020-07-21,28,7918.81,8537.82,7.8,4.5
FUN-00681,M,Vendas,Sênior,Coordenador,2020-11-21,10,10667.66,12170.77,14.1,4.5
FUN-00999,F,Operações,Sênior,Coordenador,2021-12-24,30,11911.29,12993.11,9.1,2.9
FUN-00780,F,Financeiro,Sênior,Coordenador,2024-08-15,43,10497.99,12535.79,19.4,3.3
FUN-00929,F,Engenharia,Júnior,Pleno,2020-12-24,31,5499.14,6359.96,15.7,3.9
FUN-00931,F,Operações,Júnior,Pleno,2024-04-05,50,4311.59,4572.26,6.0,5.0
FUN-00054,F,Suporte,Pleno,Sênior,2020-09-19,31,4639.99,5456.11,17.6,4.0
FUN-00493,F,Suporte,Júnior,Pleno,2022-04-07,41,3153.72,3295.92,4.5,3.8
FUN-00982,F,Engenharia,Júnior,Pleno,2024-04-08,48,3496.81,4282.81,22.5,4.2
FUN-01089,F,Marketing,Pleno,Sênior,2023-08-09,24,6982.28,7401.32,6.0,3.2
FUN-00005,F,Marketing,Júnior,Pleno,2021-04-09,35,3579.91,4054.62,13.3,3.6
FUN-01079,M,Operações,Sênior,Coordenador,2021-10-31,11,12001.83,13000.47,8.3,3.0
FUN-00067,F,Vendas,Sênior,Coordenador,2021-05-17,30,11396.71,13092.84,14.9,3.5
FUN-00924,M,Operações,Júnior,Pleno,2020-09-25,23,4173.38,4972.67,19.2,4.4
FUN-00733,F,Marketing,Sênior,Coordenador,2023-05-30,24,12222.1,14058.61,15.0,3.9
FUN-00461,M,Produto,Júnior,Pleno,2023-03-09,34,4831.3,5618.96,16.3,4.0
FUN-00524,F,Financeiro,Coordenador,Gerente,2021-04-07,12,14766.45,16284.78,10.3,4.5
FUN-00628,F,Suporte,Júnior,Pleno,2022-03-28,22,5281.52,6436.32,21.9,5.0
FUN-00621,M,RH,Pleno,Sênior,2022-08-06,16,5788.49,6500.72,12.3,4.0
FUN-00473,F,Vendas,Júnior,Pleno,2021-10-02,35,3191.76,3528.17,10.5,4.0
FUN-00958,M,Marketing,Pleno,Sênior,2024-07-31,23,6659.76,7856.82,18.0,4.1
FUN-01134,F,Produto,Sênior,Coordenador,2023-12-01,42,11911.8,13636.84,14.5,4.3
FUN-00818,M,Produto,Pleno,Sênior,2024-10-22,34,5551.05,6637.34,19.6,3.9
FUN-00376,M,Produto,Sênior,Coordenador,2020-09-13,22,11162.57,12954.47,16.1,3.6
FUN-00833,M,Vendas,Pleno,Sênior,2022-11-23,8,7562.88,8433.75,11.5,2.6
FUN-00339,F,Produto,Pleno,Sênior,2021-07-30,27,8114.68,9192.96,13.3,4.2
FUN-00647,M,Vendas,Coordenador,Gerente,2020-08-26,27,13174.84,15907.21,20.7,3.2
FUN-00138,M,Financeiro,Pleno,Sênior,2021-06-02,14,6341.11,6892.27,8.7,4.4
FUN-00650,F,Engenharia,Sênior,Coordenador,2024-11-18,21,11161.53,13332.39,19.4,3.6
FUN-00235,M,Marketing,Júnior,Pleno,2021-08-17,11,5470.04,6006.41,9.8,3.9
FUN-00454,F,Vendas,Sênior,Coordenador,2023-05-22,33,11565.81,13946.66,20.6,4.6
FUN-00073,M,Operações,Pleno,Sênior,2024-08-20,20,6954.9,8518.56,22.5,2.2
FUN-00183,M,Marketing,Coordenador,Gerente,2022-04-07,28,13967.52,17034.71,22.0,4.4
FUN-01055,M,Marketing,Júnior,Pleno,2020-10-10,16,2577.0,3017.2,17.1,3.1
FUN-00366,F,Financeiro,Pleno,Sênior,2020-09-29,32,6649.29,8179.96,23.0,4.7
FUN-00881,F,Suporte,Júnior,Pleno,2023-01-09,40,4222.68,5265.44,24.7,3.3
FUN-00295,M,Produto,Pleno,Sênior,2022-08-11,28,8169.26,9364.61,14.6,3.6
FUN-00209,F,Suporte,Pleno,Sênior,2024-11-21,35,7300.52,8525.26,16.8,3.5
FUN-01058,F,Engenharia,Pleno,Sênior,2020-11-18,25,7272.97,7793.31,7.2,5.0
FUN-00749,M,Produto,Pleno,Sênior,2023-05-27,20,5304.71,6096.08,14.9,4.3
FUN-00647,M,Produto,Sênior,Coordenador,2023-05-11,8,10386.34,11690.54,12.6,4.7
FUN-00615,M,Vendas,Pleno,Sênior,2023-07-30,24,7592.68,7572.89,-0.3,5.0
FUN-00381,F,Suporte,Pleno,Sênior,2024-11-08,24,8090.4,8617.82,6.5,3.7
FUN-00913,M,Suporte,Júnior,Pleno,2022-01-06,21,6451.31,6836.43,6.0,3.5
FUN-00321,F,Marketing,Pleno,Sênior,2021-01-06,27,6078.55,6704.78,10.3,3.4
FUN-00649,F,RH,Pleno,Sênior,2020-01-01,45,7387.22,8379.63,13.4,5.0
FUN-00257,M,RH,Pleno,Sênior,2022-12-09,24,7198.83,7936.2,10.2,2.9
FUN-01053,M,Suporte,Pleno,Sênior,2024-04-14,25,5753.91,6382.3,10.9,4.1
FUN-00305,M,Produto,Sênior,Coordenador,2021-09-05,22,9890.05,11641.69,17.7,5.0
FUN-00236,F,Suporte,Júnior,Pleno,2021-10-14,28,3192.61,3729.52,16.8,4.4
FUN-01146,M,Produto,Júnior,Pleno,2020-08-16,31,5020.48,5955.56,18.6,4.3
FUN-00872,M,Engenharia,Sênior,Coordenador,2021-08-26,16,10367.79,12186.69,17.5,2.4
FUN-00825,F,Produto,Pleno,Sênior,2021-05-28,12,5329.96,6045.55,13.4,3.7
FUN-00517,F,Suporte,Sênior,Coordenador,2024-08-20,44,11540.34,13484.4,16.8,4.4
FUN-00097,M,Operações,Sênior,Coordenador,2023-04-05,8,10494.01,11576.06,10.3,4.6
FUN-00810,M,Vendas,Júnior,Pleno,2023-05-10,6,4004.25,4386.7,9.6,4.3
FUN-00849,M,Engenharia,Pleno,Sênior,2020-05-03,22,6438.56,7025.04,9.1,3.8
FUN-00264,F,Operações,Júnior,Pleno,2020-08-29,34,3410.23,4212.72,23.5,3.8
FUN-00002,M,Marketing,Sênior,Coordenador,2023-02-22,19,11464.74,13336.35,16.3,5.0
FUN-01153,F,Engenharia,Júnior,Pleno,2024-10-08,28,4328.67,4727.5,9.2,4.1
FUN-00120,M,Marketing,Pleno,Sênior,2022-01-19,35,5565.36,6721.62,20.8,4.3
FUN-00679,M,Marketing,Pleno,Sênior,2024-08-02,17,7950.81,9170.53,15.3,4.2
FUN-00483,M,Suporte,Júnior,Pleno,2021-05-12,30,4577.65,5793.49,26.6,4.3
FUN-00493,F,RH,Júnior,Pleno,2021-06-01,31,2787.73,2863.54,2.7,3.3
FUN-00947,M,Vendas,Pleno,Sênior,2024-09-16,15,5926.57,7286.45,22.9,1.8
FUN-00938,F,Engenharia,Pleno,Sênior,2020-11-07,32,5532.57,6404.93,15.8,3.2
FUN-00941,M,Vendas,Júnior,Pleno,2022-07-26,20,5509.52,6035.5,9.5,4.7
FUN-00716,F,Operações,Sênior,Coordenador,2024-02-20,40,10136.73,11246.77,11.0,3.1
FUN-00205,F,Marketing,Coordenador,Gerente,2021-07-19,35,13124.47,15776.3,20.2,4.5
FUN-00718,M,Operações,Pleno,Sênior,2023-12-03,27,9121.06,10233.04,12.2,4.5
FUN-00530,M,Marketing,Sênior,Coordenador,2023-08-24,20,9880.5,11615.46,17.6,2.7
FUN-00626,F,Vendas,Júnior,Pleno,2020-08-28,40,4036.67,4454.08,10.3,3.9
FUN-00034,M,Produto,Pleno,Sênior,2020-07-16,31,7789.7,8799.48,13.0,3.3
FUN-01016,F,Engenharia,Júnior,Pleno,2020-12-12,43,4024.34,5068.78,26.0,3.9
FUN-00959,M,Engenharia,Pleno,Sênior,2020-11-16,30,8121.68,9602.1,18.2,5.0
FUN-00306,M,RH,Pleno,Sênior,2021-05-26,8,7915.67,9125.36,15.3,4.8
FUN-00442,F,Vendas,Pleno,Sênior,2020-12-17,24,6663.85,7236.5,8.6,3.4
FUN-00058,M,Marketing,Pleno,Sênior,2021-07-31,20,8859.66,10874.35,22.7,2.6
FUN-00553,M,Marketing,Coordenador,Gerente,2020-06-27,27,13857.87,15145.57,9.3,3.6
FUN-01083,F,Produto,Júnior,Pleno,2022-09-01,21,2276.59,2557.17,12.3,4.1
FUN-00645,F,Operações,Coordenador,Gerente,2020-05-25,39,12759.62,14630.06,14.7,3.9
FUN-00837,F,Marketing,Júnior,Pleno,2020-09-12,33,4140.99,4563.91,10.2,4.4
FUN-00441,F,Engenharia,Júnior,Pleno,2023-12-13,42,5573.25,6194.97,11.2,4.0
FUN-00760,M,Engenharia,Pleno,Sênior,2021-06-28,27,6555.13,7879.11,20.2,2.6
FUN-01014,F,RH,Pleno,Sênior,2020-10-16,27,5944.91,6792.99,14.3,4.0
FUN-00921,M,Engenharia,Júnior,Pleno,2020-08-15,32,3908.7,4292.14,9.8,4.5
FUN-00994,M,Marketing,Sênior,Coordenador,2023-10-18,16,10110.19,11592.04,14.7,4.5
FUN-00153,F,Suporte,Júnior,Pleno,2020-02-10,38,4251.59,4945.35,16.3,3.6
FUN-00012,M,Produto,Pleno,Sênior,2022-10-24,35,6493.75,7650.44,17.8,2.7
FUN-00919,F,Engenharia,Júnior,Pleno,2022-09-05,31,3094.87,3332.97,7.7,3.3
FUN-00439,M,Marketing,Pleno,Sênior,2024-10-15,34,7339.31,8594.26,17.1,3.4
FUN-00175,F,Marketing,Júnior,Pleno,2024-02-21,32,2592.39,2806.27,8.3,2.1
FUN-00279,M,Vendas,Pleno,Sênior,2021-01-04,20,7301.93,8858.96,21.3,4.7
FUN-01042,M,RH,Pleno,Sênior,2024-07-22,15,7734.03,8922.35,15.4,2.5
FUN-01013,F,Engenharia,Júnior,Pleno,2023-08-04,26,3554.88,4187.39,17.8,3.2
FUN-00551,F,Produto,Júnior,Pleno,2020-12-07,30,3633.73,4343.18,19.5,2.8
FUN-00614,F,Vendas,Júnior,Pleno,2024-04-30,28,1898.77,2217.6,16.8,4.4
FUN-00711,F,Engenharia,Pleno,Sênior,2020-07-31,26,7264.68,7948.26,9.4,4.9
FUN-00130,F,Marketing,Júnior,Pleno,2020-07-03,38,2758.13,3065.69,11.2,4.4
FUN-00667,F,Financeiro,Pleno,Sênior,2022-04-01,29,6950.0,8052.76,15.9,3.8
FUN-00777,M,Marketing,Pleno,Sênior,2021-09-25,23,6918.7,7542.34,9.0,4.5
FUN-00657,M,Engenharia,Júnior,Pleno,2023-03-11,29,6087.88,7230.85,18.8,3.7
FUN-00921,M,Engenharia,Júnior,Pleno,2020-08-28,33,3245.11,3710.94,14.4,4.9
FUN-01174,M,RH,Coordenador,Gerente,2020-07-28,39,13506.8,14706.63,8.9,3.1
FUN-00928,M,Engenharia,Júnior,Pleno,2022-12-14,24,5158.25,5628.95,9.1,4.0
FUN-00532,M,Suporte,Coordenador,Gerente,2023-03-02,27,12080.54,13841.21,14.6,5.0
FUN-01183,F,Engenharia,Pleno,Sênior,2024-01-21,27,7303.11,8551.01,17.1,4.6
FUN-00080,F,Suporte,Júnior,Pleno,2023-01-01,24,4747.63,5630.07,18.6,2.6
FUN-00310,F,Vendas,Júnior,Pleno,2023-03-30,31,5292.03,6027.84,13.9,3.0
FUN-00572,F,Marketing,Sênior,Coordenador,2020-03-18,45,10276.03,12527.07,21.9,4.1
FUN-01102,M,Suporte,Pleno,Sênior,2024-03-23,26,7304.27,8010.36,9.7,3.9
FUN-00516,M,RH,Júnior,Pleno,2020-06-04,34,3739.47,4530.89,21.2,2.8
FUN-00523,F,Suporte,Júnior,Pleno,2023-05-28,30,3629.92,4151.55,14.4,4.2
FUN-01074,M,Vendas,Júnior,Pleno,2022-12-13,27,6160.17,6906.79,12.1,4.1
FUN-00432,F,RH,Pleno,Sênior,2024-05-13,41,7216.47,8520.04,18.1,5.0
FUN-01023,F,Marketing,Sênior,Coordenador,2021-04-04,16,13123.38,15788.55,20.3,4.0
FUN-00166,F,RH,Júnior,Pleno,2021-02-05,47,2792.48,3119.26,11.7,3.0
FUN-00048,F,Marketing,Coordenador,Gerente,2022-02-15,52,15588.85,17383.27,11.5,2.9
FUN-01028,M,Vendas,Júnior,Pleno,2023-11-24,6,2625.07,3278.49,24.9,3.4
FUN-00604,F,Vendas,Júnior,Pleno,2023-10-08,39,1680.29,1957.01,16.5,4.6
FUN-01121,M,Vendas,Júnior,Pleno,2021-10-15,26,5499.57,6221.88,13.1,3.6
FUN-00792,F,RH,Júnior,Pleno,2022-12-05,41,1496.71,1670.96,11.6,4.4
FUN-00077,M,Financeiro,Júnior,Pleno,2020-03-26,24,3324.54,3909.19,17.6,4.1
FUN-00950,F,Engenharia,Sênior,Coordenador,2024-10-10,23,9698.64,10694.82,10.3,3.6
FUN-00205,F,Financeiro,Júnior,Pleno,2021-04-09,54,3127.73,3500.71,11.9,4.0
FUN-01024,F,Vendas,Pleno,Sênior,2022-06-09,31,5242.11,6330.1,20.8,3.6
FUN-00493,M,Suporte,Pleno,Sênior,2022-08-05,23,6014.06,6591.4,9.6,3.7
FUN-01108,M,Produto,Sênior,Coordenador,2022-02-24,30,9988.45,12032.6,20.5,4.3
FUN-00184,M,Suporte,Júnior,Pleno,2020-02-18,20,3803.92,4470.0,17.5,3.7
FUN-00079,F,Suporte,Júnior,Pleno,2024-03-09,37,3513.95,4107.18,16.9,3.7
FUN-00850,F,Operações,Sênior,Coordenador,2022-07-19,32,12673.56,14338.26,13.1,2.5
FUN-00296,F,Produto,Júnior,Pleno,2022-08-11,24,3945.37,4738.32,20.1,3.0
FUN-00046,F,Engenharia,Pleno,Sênior,2021-08-31,22,7481.9,8093.72,8.2,3.5
FUN-00941,M,Operações,Júnior,Pleno,2022-10-24,26,2787.38,3156.08,13.2,3.0
FUN-00042,F,Vendas,Júnior,Pleno,2023-06-15,37,4015.97,4369.57,8.8,4.5
FUN-01193,M,Marketing,Sênior,Coordenador,2023-09-29,26,13026.8,15814.09,21.4,3.8
FUN-00506,F,Engenharia,Pleno,Sênior,2023-04-27,44,7406.91,8047.69,8.7,4.1
FUN-01088,M,Suporte,Pleno,Sênior,2022-09-26,14,6168.56,6821.08,10.6,3.7
FUN-00910,F,Vendas,Júnior,Pleno,2024-10-05,8,4150.25,4982.15,20.0,3.1
FUN-00092,M,Vendas,Júnior,Pleno,2022-03-07,15,5541.18,6775.95,22.3,3.6
FUN-00861,F,RH,Pleno,Sênior,2024-11-21,14,6867.34,7776.49,13.2,3.8
FUN-00961,M,Suporte,Pleno,Sênior,2024-05-31,10,6673.87,7354.34,10.2,3.6
FUN-01032,M,Suporte,Sênior,Coordenador,2021-09-09,29,10757.47,12419.85,15.5,3.1
FUN-01177,F,Financeiro,Júnior,Pleno,2020-02-05,49,4788.32,5278.87,10.2,3.9
FUN-00160,F,Financeiro,Pleno,Sênior,2020-09-06,35,7458.0,8236.8,10.4,3.5
FUN-00429,F,Engenharia,Júnior,Pleno,2021-03-06,40,3807.92,4258.27,11.8,3.4
FUN-01039,M,Suporte,Sênior,Coordenador,2020-03-15,29,9337.12,10629.16,13.8,4.6
FUN-00842,M,Vendas,Pleno,Sênior,2023-11-18,34,5255.01,6293.25,19.8,4.9
FUN-00224,M,Engenharia,Júnior,Pleno,2023-03-21,34,2486.0,2881.85,15.9,4.7
FUN-00093,F,Produto,Coordenador,Gerente,2024-08-27,35,14326.03,16708.47,16.6,3.5
FUN-00566,F,Vendas,Júnior,Pleno,2021-01-27,43,3399.01,3945.99,16.1,4.6
FUN-00661,M,Engenharia,Sênior,Coordenador,2023-01-31,23,10542.01,11438.48,8.5,3.9
FUN-00574,M,Produto,Júnior,Pleno,2020-09-07,20,4332.72,5379.38,24.2,3.5
FUN-00825,M,Produto,Júnior,Pleno,2023-10-23,16,3159.49,3732.89,18.1,4.4
FUN-00543,M,Operações,Pleno,Sênior,2024-04-26,37,6450.44,6897.37,6.9,3.2
FUN-00647,F,RH,Júnior,Pleno,2023-01-13,20,4444.0,5553.72,25.0,3.3
FUN-00278,M,Financeiro,Pleno,Sênior,2024-02-24,11,6991.47,8683.46,24.2,3.7
FUN-00784,M,Suporte,Júnior,Pleno,2024-08-07,27,3825.16,4187.5,9.5,3.0
FUN-00485,F,Produto,Júnior,Pleno,2020-09-06,29,4163.27,4602.21,10.5,3.8
FUN-00464,M,Produto,Pleno,Sênior,2021-04-10,31,6631.17,8168.06,23.2,4.3
FUN-00303,F,Financeiro,Pleno,Sênior,2021-05-29,36,7419.82,8432.55,13.6,3.2
FUN-00165,M,Engenharia,Júnior,Pleno,2024-10-15,24,4785.43,5547.02,15.9,3.8
FUN-00776,M,Suporte,Pleno,Sênior,2022-08-04,27,5176.78,6081.61,17.5,2.5
FUN-00360,F,Produto,Júnior,Pleno,2024-12-01,34,3528.67,4080.25,15.6,3.4
FUN-00545,F,Financeiro,Sênior,Coordenador,2023-02-17,34,9471.94,10998.26,16.1,3.5
FUN-00356,F,Operações,Coordenador,Gerente,2021-12-31,22,13734.47,15533.05,13.1,4.0
FUN-00990,M,Engenharia,Coordenador,Gerente,2022-05-22,36,13595.16,16060.5,18.1,4.4
FUN-01044,M,Suporte,Sênior,Coordenador,2020-06-09,24,10717.61,11753.71,9.7,3.1
FUN-00506,F,Suporte,Coordenador,Gerente,2021-08-31,31,14336.06,15883.08,10.8,3.8
FUN-01079,M,Engenharia,Sênior,Coordenador,2021-04-14,20,11323.57,13301.95,17.5,3.7
FUN-00165,F,Operações,Pleno,Sênior,2021-09-28,29,7776.08,8516.56,9.5,3.7
FUN-00222,M,Produto,Sênior,Coordenador,2021-10-27,18,10424.76,11664.55,11.9,3.4
FUN-00764,F,Suporte,Sênior,Coordenador,2024-01-26,8,10045.49,11621.72,15.7,3.4
FUN-00157,M,Engenharia,Júnior,Pleno,2022-09-29,30,3270.61,3736.24,14.2,3.8
FUN-00522,M,Engenharia,Júnior,Pleno,2020-01-06,24,4035.24,4774.96,18.3,4.5
FUN-00270,F,Suporte,Pleno,Sênior,2021-01-28,25,6261.45,7476.52,19.4,3.5
FUN-00688,F,Engenharia,Sênior,Coordenador,2024-10-07,43,9727.65,11937.08,22.7,3.8
FUN-00143,F,Suporte,Júnior,Pleno,2021-08-23,24,3962.82,4335.39,9.4,4.1
FUN-01079,F,Engenharia,Júnior,Pleno,2021-10-19,31,4283.5,5052.46,18.0,5.0
FUN-01052,F,Marketing,Coordenador,Gerente,2024-09-14,15,12822.62,13605.59,6.1,4.5
FUN-00040,F,Marketing,Sênior,Coordenador,2020-05-09,29,8515.81,9943.15,16.8,3.3
FUN-01165,M,RH,Sênior,Coordenador,2020-11-01,25,11416.39,12676.03,11.0,3.6
FUN-00187,F,Marketing,Pleno,Sênior,2023-08-17,34,7611.19,9033.03,18.7,2.7
FUN-00358,F,Financeiro,Pleno,Sênior,2020-09-20,43,6332.97,6943.54,9.6,5.0
FUN-00562,M,Financeiro,Júnior,Pleno,2024-11-30,32,4802.25,5768.42,20.1,4.4
FUN-00288,F,Vendas,Coordenador,Gerente,2022-07-07,19,12048.36,13398.91,11.2,3.7
FUN-00824,M,RH,Coordenador,Gerente,2024-01-31,22,14898.8,16092.3,8.0,5.0
FUN-00993,F,Marketing,Sênior,Coordenador,2022-11-09,32,9195.7,11038.42,20.0,3.1
FUN-00891,M,Operações,Júnior,Pleno,2023-06-01,33,3745.89,4409.46,17.7,5.0
FUN-00677,M,Engenharia,Júnior,Pleno,2020-01-27,30,4193.42,4375.32,4.3,4.0
FUN-00019,M,Engenharia,Coordenador,Gerente,2022-11-19,31,13439.34,13908.12,3.5,3.7
FUN-00238,M,RH,Júnior,Pleno,2021-01-05,35,4579.85,5178.19,13.1,3.6
FUN-00450,M,Suporte,Pleno,Sênior,2020-06-15,27,5593.8,6307.17,12.8,4.6
FUN-00771,M,RH,Sênior,Coordenador,2020-12-14,9,9985.72,11478.92,15.0,4.8
FUN-00600,M,Suporte,Pleno,Sênior,2023-09-30,26,6833.62,7812.92,14.3,4.0
FUN-00990,F,Vendas,Pleno,Sênior,2022-03-11,24,7529.83,8995.05,19.5,3.5
FUN-01091,M,Financeiro,Pleno,Sênior,2022-02-06,28,8354.52,9026.22,8.0,4.3
FUN-01115,M,RH,Sênior,Coordenador,2022-01-14,9,12216.79,13707.04,12.2,3.3
FUN-00212,M,Vendas,Pleno,Sênior,2024-02-09,30,7932.6,9727.41,22.6,3.7
FUN-00101,F,Engenharia,Júnior,Pleno,2022-05-16,28,4530.96,5563.23,22.8,3.5
FUN-01111,F,Financeiro,Pleno,Sênior,2023-06-03,37,7573.32,8904.61,17.6,4.7
FUN-00783,F,Financeiro,Júnior,Pleno,2023-03-12,28,4396.49,5014.88,14.1,2.4
FUN-01045,M,Suporte,Júnior,Pleno,2021-05-03,14,5173.24,5716.56,10.5,3.7
FUN-00143,F,Financeiro,Pleno,Sênior,2023-02-26,8,7502.36,8581.87,14.4,2.1
FUN-00704,M,Suporte,Pleno,Sênior,2024-09-26,19,5188.29,6454.35,24.4,4.8
FUN-01083,M,Engenharia,Sênior,Coordenador,2020-10-19,40,11749.91,13895.48,18.3,3.8
FUN-00533,F,Suporte,Pleno,Sênior,2022-09-27,30,8866.78,9750.47,10.0,4.9
FUN-01013,F,Suporte,Pleno,Sênior,2023-12-26,38,7214.05,7915.58,9.7,5.0
FUN-00984,M,Vendas,Júnior,Pleno,2024-09-10,25,2067.88,2221.96,7.5,4.2
FUN-00980,M,Vendas,Pleno,Sênior,2021-11-08,24,5803.88,6162.02,6.2,4.3
FUN-00683,F,Financeiro,Pleno,Sênior,2021-05-25,58,7235.35,8513.99,17.7,4.6
FUN-00581,M,RH,Sênior,Coordenador,2020-02-22,17,12283.24,13329.18,8.5,2.5
FUN-01145,M,Vendas,Sênior,Coordenador,2024-11-14,16,11239.42,13592.81,20.9,3.0
FUN-00138,F,Vendas,Sênior,Coordenador,2023-01-17,40,11696.84,13673.93,16.9,3.0
FUN-00329,M,Operações,Júnior,Pleno,2023-05-07,23,4221.39,4979.32,18.0,4.5
FUN-00248,M,Engenharia,Pleno,Sênior,2024-02-16,22,8394.06,9127.29,8.7,3.7
FUN-00993,F,Marketing,Pleno,Sênior,2021-08-17,22,7137.65,8050.06,12.8,5.0
FUN-00132,F,Engenharia,Sênior,Coordenador,2020-01-14,34,12509.55,14191.26,13.4,2.6
FUN-00857,M,RH,Júnior,Pleno,2023-02-20,10,5174.28,6175.64,19.4,4.8
FUN-00339,M,Marketing,Sênior,Coordenador,2021-01-26,12,9741.17,11710.78,20.2,3.2
FUN-00728,F,Operações,Júnior,Pleno,2020-10-02,21,4098.78,4678.7,14.1,2.7
FUN-00428,F,Engenharia,Pleno,Sênior,2023-11-18,23,7119.4,9301.73,30.7,4.5
FUN-00547,M,Marketing,Júnior,Pleno,2020-01-02,19,6980.2,8088.28,15.9,3.3
FUN-00876,M,Marketing,Coordenador,Gerente,2022-08-23,31,12593.47,14308.24,13.6,4.2
FUN-00298,F,RH,Júnior,Pleno,2020-02-20,47,3986.58,4622.92,16.0,5.0
FUN-00647,M,Financeiro,Pleno,Sênior,2024-03-16,10,6765.29,7889.12,16.6,3.5
FUN-00581,F,Suporte,Pleno,Sênior,2020-06-15,45,7388.45,8312.49,12.5,3.5
FUN-00144,F,Vendas,Pleno,Sênior,2023-12-27,27,6600.75,7388.55,11.9,3.2
FUN-01174,F,Vendas,Coordenador,Gerente,2023-02-09,42,13152.72,14793.92,12.5,5.0
FUN-01176,F,Suporte,Sênior,Coordenador,2021-08-13,41,12232.69,13184.02,7.8,2.4
FUN-00570,M,Vendas,Júnior,Pleno,2023-06-16,12,4436.07,4926.25,11.0,4.0
FUN-00954,M,Operações,Júnior,Pleno,2020-05-19,27,2776.23,3292.05,18.6,3.9
FUN-00691,F,Suporte,Pleno,Sênior,2022-12-01,28,7797.51,8441.75,8.3,4.0
FUN-01090,M,Vendas,Pleno,Sênior,2020-12-30,10,7439.51,9091.06,22.2,4.2
FUN-00646,F,RH,Júnior,Pleno,2021-05-11,27,4558.7,5458.27,19.7,3.1
FUN-00369,F,Produto,Júnior,Pleno,2023-12-17,36,5224.07,5529.62,5.8,5.0
FUN-00634,M,Suporte,Júnior,Pleno,2024-11-07,30,3092.99,3401.43,10.0,3.9
FUN-00569,F,Engenharia,Sênior,Coordenador,2020-10-27,22,8159.19,9554.44,17.1,2.9
FUN-00551,M,Marketing,Sênior,Coordenador,2020-04-30,23,11229.52,12394.96,10.4,3.0
FUN-00803,F,Marketing,Júnior,Pleno,2023-11-08,49,5314.12,5767.03,8.5,4.0
FUN-00036,F,Vendas,Júnior,Pleno,2023-10-18,38,3683.1,4358.94,18.3,3.6
FUN-01110,M,RH,Júnior,Pleno,2021-07-10,6,3344.72,3998.37,19.5,4.2
FUN-01020,F,RH,Pleno,Sênior,2024-07-13,49,7844.21,8955.79,14.2,3.0
FUN-00530,M,Marketing,Sênior,Coordenador,2023-03-13,23,12038.52,14554.83,20.9,5.0
FUN-00694,M,Suporte,Pleno,Sênior,2023-01-09,26,7802.17,8722.68,11.8,3.5
FUN-00921,F,Engenharia,Sênior,Coordenador,2024-01-18,39,11277.84,13141.76,16.5,3.7
FUN-01064,M,Produto,Sênior,Coordenador,2020-08-27,13,10819.73,12710.03,17.5,4.1
FUN-00575,F,Operações,Pleno,Sênior,2024-01-07,18,6988.97,7962.31,13.9,3.3
FUN-00943,F,Suporte,Pleno,Sênior,2023-07-24,34,6732.73,7607.11,13.0,4.8
FUN-00562,F,Financeiro,Pleno,Sênior,2023-04-30,14,7694.09,9134.27,18.7,4.5
FUN-00786,M,Suporte,Pleno,Sênior,2023-07-13,11,8091.2,9432.91,16.6,4.0
FUN-00061,F,Operações,Pleno,Sênior,2020-05-10,22,8370.85,9895.39,18.2,2.3
FUN-00891,F,Operações,Júnior,Pleno,2023-12-16,23,2754.57,3287.7,19.4,5.0
FUN-00906,M,RH,Júnior,Pleno,2022-04-23,13,3033.55,3409.06,12.4,4.2
FUN-00114,M,Vendas,Pleno,Sênior,2022-12-13,18,5931.88,6935.96,16.9,4.4
FUN-01126,M,Financeiro,Júnior,Pleno,2024-09-30,6,2765.44,3432.66,24.1,5.0
FUN-01128,M,Engenharia,Sênior,Coordenador,2021-05-11,30,8886.01,10195.07,14.7,4.8
FUN-01051,F,Financeiro,Júnior,Pleno,2022-07-15,31,4455.84,5364.64,20.4,3.5
FUN-00686,M,RH,Sênior,Coordenador,2022-06-30,31,9273.69,10489.31,13.1,3.1
FUN-00964,F,Produto,Sênior,Coordenador,2022-11-06,32,11591.5,12702.31,9.6,3.5
FUN-00703,F,Financeiro,Pleno,Sênior,2024-10-15,8,7253.4,8172.95,12.7,3.8
FUN-00537,M,Marketing,Júnior,Pleno,2023-06-16,19,2604.97,3139.95,20.5,4.3
FUN-00317,F,Suporte,Júnior,Pleno,2024-02-10,9,2380.39,2631.68,10.6,3.8
FUN-00459,F,Operações,Sênior,Coordenador,2022-04-16,22,10033.76,11777.41,17.4,4.5
FUN-00978,M,Engenharia,Sênior,Coordenador,2024-11-18,20,9689.39,11272.06,16.3,3.2
FUN-00201,F,Marketing,Coordenador,Gerente,2020-10-16,38,14673.87,16623.38,13.3,4.6
FUN-00378,M,Suporte,Júnior,Pleno,2022-11-01,20,3146.77,3775.23,20.0,4.3
FUN-00770,M,Marketing,Júnior,Pleno,2024-09-08,23,3553.68,4326.99,21.8,4.7
FUN-01042,M,Engenharia,Sênior,Coordenador,2024-06-17,18,11721.63,12509.9,6.7,4.8
FUN-00647,M,Vendas,Pleno,Sênior,2023-12-23,34,7665.2,9084.47,18.5,3.9
FUN-01132,M,Marketing,Coordenador,Gerente,2022-10-27,23,13301.29,15191.78,14.2,3.4
FUN-00018,F,Produto,Pleno,Sênior,2020-04-09,19,5935.5,6580.58,10.9,3.1
FUN-01063,F,Financeiro,Júnior,Pleno,2021-09-11,41,5436.73,6137.78,12.9,3.2
FUN-00623,M,Vendas,Júnior,Pleno,2023-03-03,25,3068.24,3655.84,19.2,2.7
FUN-00231,F,Operações,Júnior,Pleno,2020-07-08,25,4411.42,5159.62,17.0,5.0
FUN-01128,M,RH,Pleno,Sênior,2020-06-25,35,7271.33,8055.43,10.8,3.1
FUN-00253,M,Suporte,Júnior,Pleno,2021-03-22,26,2948.96,3580.16,21.4,4.7
FUN-00453,F,Operações,Sênior,Coordenador,2020-09-30,36,11460.62,13675.18,19.3,4.7
FUN-00738,M,RH,Pleno,Sênior,2023-01-06,19,6043.33,6972.35,15.4,3.7
FUN-01129,F,RH,Pleno,Sênior,2020-04-02,19,5703.64,6474.64,13.5,3.4
FUN-00068,F,Vendas,Júnior,Pleno,2022-08-15,29,5060.33,5623.25,11.1,2.7
FUN-01111,F,Engenharia,Sênior,Coordenador,2020-05-13,29,9553.23,10720.57,12.2,3.9
FUN-00787,F,Engenharia,Júnior,Pleno,2023-04-22,23,4504.62,4974.52,10.4,3.6
FUN-00925,F,Produto,Sênior,Coordenador,2023-03-04,27,10318.54,12284.39,19.1,2.8
FUN-00787,M,Engenharia,Pleno,Sênior,2020-10-21,13,6724.7,7688.19,14.3,4.9
FUN-00022,M,Produto,Júnior,Pleno,2024-03-20,27,6208.53,6665.19,7.4,3.8
FUN-00542,M,Marketing,Pleno,Sênior,2020-01-01,28,6732.51,7556.98,12.2,3.2
FUN-00239,F,Operações,Sênior,Coordenador,2022-07-23,49,12160.22,14273.26,17.4,3.3
FUN-00785,M,Suporte,Pleno,Sênior,2020-11-29,34,7596.71,7925.55,4.3,3.9
FUN-00422,M,Financeiro,Pleno,Sênior,2024-11-01,18,6413.94,7287.02,13.6,4.2
FUN-00398,F,Engenharia,Sênior,Coordenador,2022-07-20,41,10339.81,12090.46,16.9,4.1
FUN-00791,F,Operações,Pleno,Sênior,2020-07-21,32,5255.92,6038.58,14.9,2.9
FUN-00365,M,Engenharia,Pleno,Sênior,2020-06-03,10,6547.69,8280.51,26.5,4.3
FUN-00853,M,RH,Sênior,Coordenador,2021-02-02,16,11656.28,13768.91,18.1,3.8
FUN-01175,M,Vendas,Júnior,Pleno,2023-05-24,24,3720.39,4689.91,26.1,3.2
FUN-01192,F,Suporte,Coordenador,Gerente,2023-08-05,46,13704.79,15233.56,11.2,3.3
FUN-00371,M,Produto,Júnior,Pleno,2021-05-11,29,4564.7,5136.22,12.5,4.4
FUN-01133,M,Produto,Sênior,Coordenador,2022-07-04,28,11923.67,13325.88,11.8,4.5
FUN-00234,M,Marketing,Júnior,Pleno,2023-03-22,34,5086.37,5730.2,12.7,3.4
FUN-00424,F,Engenharia,Júnior,Pleno,2024-10-18,38,2888.53,3605.47,24.8,3.8
FUN-01147,M,Engenharia,Pleno,Sênior,2024-03-19,14,6820.73,7806.87,14.5,4.3
FUN-00981,F,Produto,Pleno,Sênior,2022-05-15,51,7958.85,9493.86,19.3,3.5
FUN-00949,M,Operações,Sênior,Coordenador,2023-01-23,23,11833.57,13676.31,15.6,3.2
FUN-01003,M,Operações,Pleno,Sênior,2023-12-14,34,9330.5,10487.75,12.4,2.7
FUN-00781,F,Financeiro,Sênior,Coordenador,2024-04-19,48,10497.42,12264.89,16.8,2.6
FUN-00602,M,Vendas,Sênior,Coordenador,2021-02-28,23,10435.0,11675.71,11.9,3.3
FUN-00401,F,Marketing,Pleno,Sênior,2020-05-03,40,7926.1,9104.54,14.9,4.5
FUN-00862,F,Suporte,Pleno,Sênior,2020-06-16,23,5200.8,5900.44,13.5,3.2
FUN-00541,F,RH,Júnior,Pleno,2022-05-02,35,3959.22,4474.06,13.0,5.0
FUN-00239,F,Produto,Júnior,Pleno,2023-07-28,24,5227.78,6742.26,29.0,4.9
FUN-01057,M,Marketing,Pleno,Sênior,2022-04-09,19,7420.93,8874.99,19.6,3.9
FUN-00437,F,Financeiro,Sênior,Coordenador,2021-07-26,32,11060.99,12145.93,9.8,3.2
FUN-00206,M,Suporte,Sênior,Coordenador,2022-07-28,25,11937.6,14299.68,19.8,3.3
FUN-01142,M,Produto,Júnior,Pleno,2020-11-10,30,2354.93,2699.34,14.6,4.0
FUN-00240,M,Suporte,Júnior,Pleno,2021-11-18,17,4723.57,5760.57,22.0,3.2
FUN-00310,F,Suporte,Pleno,Sênior,2024-06-29,32,6857.86,7770.85,13.3,3.4
FUN-00099,M,Financeiro,Sênior,Coordenador,2022-10-27,15,11378.84,14085.48,23.8,4.1
FUN-00957,M,Marketing,Pleno,Sênior,2023-10-16,18,4886.24,5472.69,12.0,3.7
FUN-01100,M,Engenharia,Sênior,Coordenador,2020-02-11,15,10953.32,13832.54,26.3,3.8
FUN-00941,F,Financeiro,Sênior,Coordenador,2020-12-01,24,11910.95,12867.85,8.0,2.8
FUN-00450,F,Produto,Sênior,Coordenador,2024-06-28,21,10750.84,13410.75,24.7,5.0
FUN-01046,F,Marketing,Coordenador,Gerente,2024-11-22,34,12361.72,15087.26,22.0,3.6
FUN-00043,M,RH,Júnior,Pleno,2022-01-05,11,4310.05,5171.85,20.0,2.8
FUN-00294,F,Marketing,Júnior,Pleno,2024-06-07,25,4095.6,4999.77,22.1,4.2
FUN-01145,F,Marketing,Sênior,Coordenador,2023-05-03,29,10940.73,13226.46,20.9,3.9
FUN-00220,M,Vendas,Júnior,Pleno,2022-01-07,23,4003.6,4350.0,8.7,3.0
FUN-00716,M,Financeiro,Júnior,Pleno,2023-02-28,9,2968.65,3482.75,17.3,3.0
FUN-01055,F,Financeiro,Júnior,Pleno,2023-03-19,31,5154.8,5488.88,6.5,4.6
FUN-00577,F,Produto,Sênior,Coordenador,2020-11-29,36,11706.33,12660.43,8.2,2.5
FUN-01164,F,Engenharia,Júnior,Pleno,2023-08-26,48,3021.42,3520.51,16.5,2.9
FUN-00525,M,Financeiro,Sênior,Coordenador,2024-02-22,15,10494.28,12364.98,17.8,4.8
FUN-00475,F,Marketing,Coordenador,Gerente,2022-05-02,32,15363.85,17222.99,12.1,3.3
FUN-00848,F,Financeiro,Pleno,Sênior,2024-11-30,20,7066.21,7880.85,11.5,3.6
FUN-01027,M,Marketing,Sênior,Coordenador,2022-12-25,29,10749.57,13065.14,21.5,3.1
FUN-01079,M,Operações,Júnior,Pleno,2021-10-03,15,4447.47,5049.93,13.5,5.0
FUN-00422,F,RH,Sênior,Coordenador,2023-11-25,26,10311.44,11628.98,12.8,4.4
FUN-00648,M,Engenharia,Pleno,Sênior,2020-08-22,16,8066.99,8978.12,11.3,2.6
FUN-01177,M,Engenharia,Coordenador,Gerente,2022-06-22,6,14222.08,16099.2,13.2,4.2
FUN-00471,M,Vendas,Pleno,Sênior,2020-09-26,22,6129.84,7035.58,14.8,3.0
FUN-01177,M,Engenharia,Júnior,Pleno,2021-08-04,28,3963.12,4718.5,19.1,4.1
FUN-01049,M,Vendas,Pleno,Sênior,2024-02-24,12,7251.9,8673.58,19.6,2.8
FUN-00727,M,RH,Sênior,Coordenador,2023-09-22,32,10158.07,11451.76,12.7,4.0
FUN-00388,M,Engenharia,Sênior,Coordenador,2020-11-08,23,10732.02,11553.85,7.7,3.9
FUN-00479,M,Vendas,Coordenador,Gerente,2022-06-27,27,14466.73,17960.02,24.1,3.7
FUN-01077,M,Engenharia,Coordenador,Gerente,2024-05-01,26,14654.67,17996.52,22.8,3.8
FUN-00902,M,RH,Júnior,Pleno,2021-03-12,33,3253.15,3950.64,21.4,4.6
FUN-00968,F,Vendas,Júnior,Pleno,2020-10-06,41,3789.37,4437.32,17.1,3.0
FUN-00878,M,Marketing,Júnior,Pleno,2023-04-26,13,5251.01,6055.97,15.3,2.9
FUN-01033,M,Marketing,Coordenador,Gerente,2020-06-25,27,12405.79,14406.12,16.1,4.0
FUN-00677,F,Produto,Sênior,Coordenador,2022-02-14,21,12444.45,14376.82,15.5,4.2
FUN-00548,M,RH,Júnior,Pleno,2020-12-11,42,3623.53,4275.03,18.0,3.0
FUN-01047,M,Financeiro,Pleno,Sênior,2023-02-26,11,6496.97,7838.78,20.7,2.9
FUN-00367,M,Marketing,Sênior,Coordenador,2024-10-22,26,11357.26,13665.42,20.3,4.7
FUN-00409,F,Marketing,Sênior,Coordenador,2021-08-15,45,9751.5,11380.32,16.7,4.0
FUN-01065,M,Vendas,Sênior,Coordenador,2024-03-28,26,12238.08,13951.86,14.0,4.8
FUN-00984,F,Suporte,Júnior,Pleno,2021-08-12,43,2896.19,3616.18,24.9,4.4
FUN-00452,F,Engenharia,Júnior,Pleno,2022-01-16,39,2741.78,3010.82,9.8,4.1
FUN-00252,M,Marketing,Pleno,Sênior,2022-04-20,21,7057.59,8214.35,16.4,4.8
FUN-00386,F,Marketing,Sênior,Coordenador,2021-05-03,39,11712.36,12713.37,8.5,4.3
FUN-00132,M,RH,Sênior,Coordenador,2022-02-21,17,12529.95,13558.2,8.2,3.2
FUN-00672,M,Engenharia,Júnior,Pleno,2023-07-17,30,3263.33,3615.29,10.8,3.8
FUN-00623,F,Marketing,Júnior,Pleno,2021-12-31,43,5065.36,5618.16,10.9,2.3
FUN-00266,M,Vendas,Pleno,Sênior,2021-01-15,19,7969.22,9159.2,14.9,3.8
FUN-00772,F,Vendas,Sênior,Coordenador,2021-01-24,19,11350.49,13974.85,23.1,4.5
FUN-00100,M,Suporte,Júnior,Pleno,2024-08-28,33,5747.63,6076.25,5.7,3.3
FUN-00271,F,Suporte,Pleno,Sênior,2024-02-12,29,5698.84,6629.22,16.3,2.9
FUN-00959,F,Engenharia,Júnior,Pleno,2022-02-22,42,4903.82,5237.68,6.8,3.9
FUN-01117,M,Financeiro,Júnior,Pleno,2020-01-11,13,3598.21,4099.0,13.9,3.4
FUN-00400,M,Produto,Coordenador,Gerente,2023-04-01,28,14441.11,16066.41,11.3,2.8
FUN-00517,M,RH,Pleno,Sênior,2023-09-21,43,6989.74,8305.66,18.8,4.2
FUN-00901,M,Engenharia,Júnior,Pleno,2024-04-20,24,4595.89,5356.82,16.6,3.9
FUN-01188,F,Marketing,Pleno,Sênior,2024-01-30,31,7889.4,8861.82,12.3,2.1
FUN-00935,F,Engenharia,Pleno,Sênior,2020-09-21,36,7560.59,8591.63,13.6,3.5
FUN-00374,M,Vendas,Júnior,Pleno,2020-10-21,9,4278.06,5014.37,17.2,3.1
FUN-01122,M,Marketing,Sênior,Coordenador,2021-07-08,26,10670.84,12387.52,16.1,3.7
FUN-00452,M,Operações,Coordenador,Gerente,2024-02-16,42,13577.3,16562.82,22.0,4.5
FUN-00773,F,Vendas,Júnior,Pleno,2022-12-09,38,2276.25,2744.16,20.6,4.1
FUN-00699,F,RH,Júnior,Pleno,2024-07-05,40,4005.65,4721.27,17.9,4.3
FUN-00771,F,Financeiro,Pleno,Sênior,2023-08-01,23,6404.68,7284.61,13.7,3.7
FUN-00772,F,Vendas,Coordenador,Gerente,2021-05-24,35,14014.05,16215.12,15.7,4.1
FUN-00648,F,Vendas,Pleno,Sênior,2023-12-15,31,5842.51,7328.4,25.4,4.1
FUN-00480,M,RH,Pleno,Sênior,2020-05-27,22,7650.58,9272.34,21.2,3.1
FUN-00993,M,Operações,Júnior,Pleno,2021-03-16,28,4582.2,5316.88,16.0,4.8
FUN-00601,M,Operações,Coordenador,Gerente,2020-07-26,16,12853.95,14592.19,13.5,5.0
FUN-00847,F,Financeiro,Pleno,Sênior,2022-08-09,37,7005.46,8022.27,14.5,4.1
FUN-00065,M,Operações,Coordenador,Gerente,2022-10-11,29,15781.86,16775.46,6.3,4.1
FUN-00525,F,Marketing,Coordenador,Gerente,2021-09-20,22,14800.08,17326.22,17.1,3.8
FUN-00547,F,Suporte,Pleno,Sênior,2024-05-26,21,7971.27,8827.74,10.7,3.9
FUN-01098,M,Engenharia,Sênior,Coordenador,2023-09-07,24,9732.11,10766.95,10.6,3.4
FUN-00137,M,Operações,Coordenador,Gerente,2023-10-03,22,13753.09,15778.79,14.7,4.0
FUN-00547,M,Marketing,Júnior,Pleno,2023-02-24,15,4851.98,6012.37,23.9,3.0
FUN-01002,M,Produto,Sênior,Coordenador,2020-08-28,17,11081.55,11109.72,0.3,4.2
FUN-00853,F,Operações,Sênior,Coordenador,2022-04-26,22,12230.45,13882.66,13.5,4.1
FUN-00366,F,Vendas,Sênior,Coordenador,2022-09-19,52,9295.57,10805.47,16.2,3.3
FUN-01103,F,Operações,Júnior,Pleno,2022-10-04,26,3659.62,4170.31,14.0,4.0
FUN-00753,F,Produto,Júnior,Pleno,2022-08-12,21,3858.61,3968.34,2.8,3.6
FUN-00504,F,Produto,Sênior,Coordenador,2023-01-30,24,11543.46,14630.35,26.7,3.6
FUN-01185,M,Suporte,Sênior,Coordenador,2022-01-20,20,11833.34,13408.19,13.3,4.2
FUN-00308,M,RH,Coordenador,Gerente,2022-02-04,24,15285.14,16706.09,9.3,4.5
FUN-00938,M,Financeiro,Pleno,Sênior,2023-12-25,35,7039.16,7412.71,5.3,3.6
FUN-00697,M,RH,Sênior,Coordenador,2020-03-03,26,9770.1,11316.64,15.8,3.0
FUN-00920,M,Suporte,Pleno,Sênior,2023-09-02,29,5413.29,5968.99,10.3,2.7
FUN-00805,M,Financeiro,Sênior,Coordenador,2024-02-28,25,9610.73,11397.65,18.6,3.4
FUN-00407,M,Produto,Sênior,Coordenador,2021-10-15,21,11143.85,12850.77,15.3,5.0
FUN-00674,F,Produto,Sênior,Coordenador,2020-03-13,26,10751.58,12593.84,17.1,3.6
FUN-00196,M,RH,Sênior,Coordenador,2024-04-10,35,9578.44,10662.9,11.3,4.1
FUN-00136,F,Engenharia,Pleno,Sênior,2024-10-05,26,5337.19,5354.05,0.3,2.8
FUN-00305,M,Engenharia,Coordenador,Gerente,2022-09-22,40,15088.15,18151.13,20.3,4.6
FUN-00403,F,Engenharia,Sênior,Coordenador,2023-10-09,35,10338.93,10804.21,4.5,3.8
FUN-00594,M,Financeiro,Pleno,Sênior,2021-11-04,12,8228.85,9612.86,16.8,3.0
FUN-00050,M,Vendas,Coordenador,Gerente,2020-06-14,16,12452.4,14428.35,15.9,3.8
FUN-00050,M,Marketing,Sênior,Coordenador,2020-07-11,21,10869.98,11844.05,9.0,3.2
FUN-00029,M,Marketing,Sênior,Coordenador,2024-04-12,31,11758.05,12743.34,8.4,3.8
FUN-00462,M,Operações,Pleno,Sênior,2020-12-26,23,8640.55,10168.32,17.7,3.4
FUN-00826,M,Produto,Pleno,Sênior,2023-11-23,39,5324.66,6152.87,15.6,3.5
FUN-00457,F,Financeiro,Sênior,Coordenador,2023-04-27,14,10485.24,12749.28,21.6,4.0
FUN-00516,F,Produto,Pleno,Sênior,2023-07-09,39,6417.0,6213.85,-3.2,4.3
FUN-00787,F,Engenharia,Júnior,Pleno,2024-05-08,30,4475.86,4904.38,9.6,3.3
FUN-00298,F,Financeiro,Júnior,Pleno,2023-05-24,8,4732.97,5488.63,16.0,4.4
FUN-00653,M,Marketing,Sênior,Coordenador,2020-07-31,32,12018.51,14975.5,24.6,3.9
FUN-00432,M,Vendas,Júnior,Pleno,2024-03-14,35,2970.77,3430.37,15.5,3.2
FUN-01007,F,Suporte,Sênior,Coordenador,2020-06-07,29,11080.6,13281.06,19.9,4.9
FUN-00532,M,Produto,Sênior,Coordenador,2020-01-02,19,10513.3,12600.99,19.9,4.1
FUN-00249,F,Produto,Júnior,Pleno,2023-12-30,39,4534.79,5123.91,13.0,5.0
FUN-00780,M,Operações,Pleno,Sênior,2021-07-27,23,9413.21,11562.71,22.8,3.4
FUN-00235,F,Produto,Sênior,Coordenador,2023-02-19,54,11697.17,14674.3,25.5,3.2
FUN-00436,M,Operações,Sênior,Coordenador,2023-10-28,12,10770.11,12633.31,17.3,3.3
FUN-00560,F,Marketing,Júnior,Pleno,2023-02-13,25,2575.32,2841.32,10.3,3.6
FUN-00154,M,RH,Júnior,Pleno,2024-01-09,23,4024.05,4893.06,21.6,4.0
FUN-01169,M,Operações,Sênior,Coordenador,2022-08-03,31,10922.99,12389.7,13.4,4.9
FUN-00290,M,Marketing,Pleno,Sênior,2020-08-18,32,5612.91,6253.99,11.4,2.1
FUN-00863,M,Engenharia,Júnior,Pleno,2022-07-27,11,2272.94,2723.58,19.8,3.5
FUN-00500,M,Engenharia,Coordenador,Gerente,2023-02-02,22,14763.11,16524.71,11.9,4.3
FUN-01018,M,Operações,Pleno,Sênior,2021-10-07,13,7524.37,8907.23,18.4,3.4
FUN-00474,M,RH,Sênior,Coordenador,2021-08-10,21,9672.31,10779.01,11.4,4.5
FUN-00243,F,Marketing,Pleno,Sênior,2020-02-25,23,7044.44,8430.27,19.7,4.2
FUN-00904,F,Suporte,Sênior,Coordenador,2022-12-01,39,12076.95,13923.39,15.3,4.1
FUN-00125,M,Vendas,Pleno,Sênior,2023-05-29,19,7336.68,8324.2,13.5,5.0
FUN-00925,M,Vendas,Júnior,Pleno,2021-05-30,37,3382.91,3787.72,12.0,4.1
FUN-00902,M,RH,Coordenador,Gerente,2022-01-17,21,13249.84,15689.76,18.4,4.7
FUN-00234,M,RH,Sênior,Coordenador,2022-08-09,27,10166.46,12454.67,22.5,3.8
FUN-00563,F,Suporte,Pleno,Sênior,2023-02-03,31,5858.0,6738.38,15.0,3.0
FUN-00297,F,Financeiro,Júnior,Pleno,2024-02-13,23,4607.86,4905.29,6.5,1.9
FUN-00340,F,Marketing,Pleno,Sênior,2024-11-13,29,6345.99,7324.33,15.4,4.5
FUN-00210,F,Produto,Pleno,Sênior,2022-03-31,33,7280.28,8167.82,12.2,3.5
FUN-01194,F,Produto,Pleno,Sênior,2022-11-22,30,7410.13,8362.39,12.9,3.3
FUN-00128,M,Operações,Júnior,Pleno,2023-02-15,19,6472.31,7612.72,17.6,4.4
FUN-00578,F,Operações,Sênior,Coordenador,2020-08-25,30,12569.26,14563.98,15.9,4.4
FUN-00492,M,Marketing,Pleno,Sênior,2024-08-24,17,7276.62,7869.61,8.1,3.7
FUN-00630,F,Marketing,Júnior,Pleno,2020-11-06,40,3294.62,3719.31,12.9,2.9
FUN-00844,F,Marketing,Coordenador,Gerente,2020-06-19,22,14436.19,16484.29,14.2,2.5
FUN-00922,F,Operações,Pleno,Sênior,2022-02-05,25,7459.49,8484.6,13.7,3.2
FUN-00599,M,Financeiro,Júnior,Pleno,2024-08-24,30,4180.71,4724.92,13.0,4.0
FUN-00994,M,Produto,Sênior,Coordenador,2021-12-26,22,11648.96,13593.39,16.7,4.0
FUN-00423,M,Suporte,Pleno,Sênior,2021-10-01,10,7356.62,8359.76,13.6,4.5
FUN-00663,M,Marketing,Pleno,Sênior,2020-02-01,21,6474.83,7517.92,16.1,2.6
FUN-00531,F,Suporte,Pleno,Sênior,2020-03-13,34,6872.75,7859.01,14.4,4.3
FUN-01116,F,Marketing,Júnior,Pleno,2021-01-06,40,3890.83,4456.6,14.5,3.7
FUN-00065,F,Vendas,Júnior,Pleno,2023-09-21,43,4935.85,5408.29,9.6,4.3
FUN-00267,M,Marketing,Júnior,Pleno,2021-04-16,13,3657.27,3847.36,5.2,3.2
FUN-00551,F,Financeiro,Coordenador,Gerente,2020-11-25,43,14296.75,17386.68,21.6,4.1
FUN-00720,F,Operações,Pleno,Sênior,2021-11-03,40,6878.64,8365.3,21.6,3.8
FUN-00709,M,Financeiro,Coordenador,Gerente,2023-02-27,32,13837.84,15239.94,10.1,2.5
FUN-00823,M,Vendas,Sênior,Coordenador,2021-09-17,12,10763.92,12855.58,19.4,4.1
FUN-00427,M,Vendas,Júnior,Pleno,2022-05-04,17,5034.45,5856.76,16.3,3.6
FUN-00973,M,Produto,Júnior,Pleno,2022-12-16,21,4137.6,4611.97,11.5,3.2
FUN-01007,M,Vendas,Pleno,Sênior,2023-12-06,18,6190.68,7144.05,15.4,3.0
FUN-00172,M,Suporte,Sênior,Coordenador,2024-04-30,25,12125.61,14690.48,21.2,3.9
FUN-01146,M,Operações,Pleno,Sênior,2022-03-10,27,6052.23,7139.21,18.0,4.0
FUN-00361,M,Financeiro,Sênior,Coordenador,2024-04-24,27,11421.28,12461.27,9.1,3.7
FUN-00743,M,Financeiro,Sênior,Coordenador,2024-04-25,20,9724.41,11482.42,18.1,4.0
FUN-01080,M,Produto,Júnior,Pleno,2021-10-16,36,3529.82,3893.83,10.3,3.9
FUN-00765,M,Engenharia,Pleno,Sênior,2022-12-19,28,8112.47,9108.26,12.3,2.9
FUN-01115,F,Operações,Pleno,Sênior,2020-02-14,46,7733.98,8118.57,5.0,1.3
FUN-00323,F,RH,Sênior,Coordenador,2023-08-26,20,10318.05,12077.6,17.1,4.6
FUN-00037,M,Operações,Pleno,Sênior,2022-09-12,30,6707.78,7828.36,16.7,4.4
FUN-00200,F,Suporte,Júnior,Pleno,2021-06-29,25,2760.52,3258.48,18.0,3.5
FUN-00260,M,RH,Sênior,Coordenador,2022-06-23,21,10870.46,12368.68,13.8,5.0
FUN-00428,M,Vendas,Pleno,Sênior,2020-12-05,22,6279.56,7057.55,12.4,4.3
FUN-00315,F,Financeiro,Júnior,Pleno,2024-02-03,40,4180.08,5068.82,21.3,3.7
FUN-00036,M,Engenharia,Sênior,Coordenador,2022-12-14,18,11525.88,13921.63,20.8,4.0
FUN-00934,F,Produto,Pleno,Sênior,2024-06-11,44,6138.29,7041.71,14.7,4.1
FUN-00318,M,Marketing,Sênior,Coordenador,2024-09-04,28,8941.91,9969.92,11.5,3.8
FUN-01020,M,Operações,Sênior,Coordenador,2021-01-27,27,10653.67,12666.19,18.9,3.7
FUN-00994,F,Marketing,Júnior,Pleno,2022-06-25,54,4407.14,4854.87,10.2,2.2
FUN-00052,M,RH,Coordenador,Gerente,2024-01-13,15,12778.01,15742.64,23.2,3.6
FUN-00371,M,RH,Pleno,Sênior,2022-09-16,24,5779.28,6188.41,7.1,3.8
FUN-00760,F,RH,Sênior,Coordenador,2021-09-02,27,9667.94,11170.49,15.5,3.6
FUN-00840,M,Suporte,Júnior,Pleno,2023-02-28,27,3858.95,4476.73,16.0,4.3
FUN-00884,M,Financeiro,Sênior,Coordenador,2024-10-12,30,10552.99,11771.11,11.5,4.3
FUN-01170,M,Vendas,Júnior,Pleno,2023-06-13,10,4073.73,4463.93,9.6,4.5
FUN-01174,F,Financeiro,Pleno,Sênior,2020-07-15,42,6386.67,7474.75,17.0,3.5
FUN-00268,F,Vendas,Júnior,Pleno,2020-04-24,19,4077.91,4597.34,12.7,2.7
FUN-00723,F,Marketing,Júnior,Pleno,2022-04-21,33,5288.86,5819.48,10.0,3.9
FUN-00452,M,Operações,Júnior,Pleno,2023-08-24,19,5497.27,5703.65,3.8,2.8
FUN-00760,F,Operações,Sênior,Coordenador,2021-07-10,21,11607.08,13745.18,18.4,4.4
FUN-01174,F,Suporte,Sênior,Coordenador,2021-07-15,35,10453.11,12858.29,23.0,3.1
FUN-00659,M,Vendas,Pleno,Sênior,2021-06-08,17,7617.1,8798.4,15.5,3.5
FUN-01107,F,Vendas,Pleno,Sênior,2021-05-03,27,7565.88,8909.46,17.8,4.7
FUN-00613,F,Marketing,Pleno,Sênior,2020-06-21,25,5069.46,5806.97,14.5,4.5
FUN-00092,F,RH,Pleno,Sênior,2024-06-05,24,8213.16,8857.48,7.8,3.8
FUN-00554,F,Marketing,Pleno,Sênior,2022-10-18,8,7200.23,7728.68,7.3,4.1
FUN-00682,M,Financeiro,Sênior,Coordenador,2021-02-14,29,10508.51,12041.22,14.6,3.5
FUN-00839,F,Produto,Pleno,Sênior,2020-09-03,45,7533.04,9459.02,25.6,4.2
FUN-01166,F,Marketing,Coordenador,Gerente,2024-09-08,27,11888.86,13953.18,17.4,4.1
FUN-00668,M,Vendas,Pleno,Sênior,2020-11-21,21,6513.33,7497.45,15.1,3.6
FUN-00047,M,Suporte,Júnior,Pleno,2020-02-26,28,4142.09,4660.68,12.5,4.2
FUN-00859,M,Vendas,Júnior,Pleno,2024-08-02,16,2398.62,2814.49,17.3,3.7
FUN-00296,M,Engenharia,Júnior,Pleno,2022-01-06,38,4879.87,5400.16,10.7,3.9
FUN-01146,F,Marketing,Júnior,Pleno,2024-01-26,49,4674.73,5310.13,13.6,3.7
FUN-00479,M,Produto,Júnior,Pleno,2021-11-02,18,4319.44,4887.08,13.1,4.5
FUN-00954,F,Produto,Pleno,Sênior,2022-07-20,19,7194.25,8337.93,15.9,4.4
FUN-01100,M,Engenharia,Júnior,Pleno,2024-04-28,18,2973.13,3306.62,11.2,3.6
FUN-00708,F,Vendas,Júnior,Pleno,2021-01-10,8,2719.08,2962.78,9.0,4.7
FUN-00966,F,RH,Júnior,Pleno,2024-08-17,15,4951.74,5617.28,13.4,3.6
FUN-00408,F,Vendas,Júnior,Pleno,2024-12-05,25,4838.47,5840.19,20.7,4.5
FUN-00298,F,Vendas,Júnior,Pleno,2021-06-17,21,2730.84,3216.23,17.8,3.7
