resposta_id,data_pesquisa,departamento,tempo_empresa_faixa,sexo,nota_satisfacao_geral,nota_lideranca,nota_remuneracao,nota_crescimento,recomendaria_empresa,comentario_aberto
RESP-0001,2024-06-01,Produto,3-5 anos,F,4,3,1,4,0,Falta comunicação entre departamentos.
RESP-0002,2024-06-01,Vendas,5+ anos,F,1,1,3,3,1,Poderia ter mais oportunidades de crescimento.
RESP-0003,2024-12-01,Vendas,5+ anos,M,1,1,4,4,1,Ambiente de medo. Ninguém quer falar nada.
RESP-0004,2024-12-01,Vendas,5+ anos,M,2,1,1,3,0,"Trabalho sob pressão absurda, sem reconhecimento."
RESP-0005,2024-06-01,Operações,< 1 ano,F,5,3,3,4,0,Poderia ter mais oportunidades de crescimento.
RESP-0006,2024-06-01,Operações,3-5 anos,M,3,4,2,1,0,Home office ajudou muito na qualidade de vida.
RESP-0007,2024-06-01,Marketing,5+ anos,M,3,3,2,3,0,Home office ajudou muito na qualidade de vida.
RESP-0008,2024-12-01,Produto,1-3 anos,M,4,2,1,2,1,Precisa melhorar os benefícios.
RESP-0009,2024-12-01,Produto,3-5 anos,M,2,1,3,1,1,Home office ajudou muito na qualidade de vida.
RESP-0010,2024-12-01,Produto,5+ anos,M,2,5,2,2,1,Salário está abaixo do mercado.
RESP-0011,2024-06-01,Suporte,< 1 ano,M,3,3,4,1,0,
RESP-0012,2024-12-01,Vendas,5+ anos,F,1,1,1,2,0,Salário está abaixo do mercado.
RESP-0013,2024-12-01,Financeiro,3-5 anos,M,3,2,3,4,1,Poderia ter mais oportunidades de crescimento.
RESP-0014,2024-12-01,RH,1-3 anos,F,2,3,2,1,0,
RESP-0015,2024-06-01,Operações,1-3 anos,F,4,3,2,3,1,Poderia ter mais oportunidades de crescimento.
RESP-0016,2024-06-01,Produto,5+ anos,M,5,3,3,2,1,Precisa melhorar os benefícios.
RESP-0017,2024-12-01,RH,1-3 anos,M,3,4,2,3,1,"Ambiente agradável, boa equipe."
RESP-0018,2024-06-01,Engenharia,5+ anos,M,3,4,3,4,0,Home office ajudou muito na qualidade de vida.
RESP-0019,2024-12-01,Operações,5+ anos,M,4,3,3,3,1,Poderia ter mais oportunidades de crescimento.
RESP-0020,2024-06-01,Financeiro,1-3 anos,F,3,1,2,2,0,Salário está abaixo do mercado.
RESP-0021,2024-06-01,RH,3-5 anos,M,3,2,3,4,1,
RESP-0022,2024-12-01,Suporte,< 1 ano,F,2,3,2,1,1,Falta comunicação entre departamentos.
RESP-0023,2024-06-01,Operações,5+ anos,M,2,3,2,4,1,Gosto do trabalho mas as metas são apertadas.
RESP-0024,2024-06-01,Produto,< 1 ano,M,3,4,2,3,0,
RESP-0025,2024-12-01,RH,< 1 ano,F,3,2,2,1,1,
RESP-0026,2024-06-01,Operações,3-5 anos,M,3,3,2,2,0,
RESP-0027,2024-06-01,RH,3-5 anos,F,3,3,2,1,1,Poderia ter mais oportunidades de crescimento.
RESP-0028,2024-12-01,Suporte,3-5 anos,F,3,5,3,3,1,Falta comunicação entre departamentos.
RESP-0029,2024-06-01,Financeiro,5+ anos,F,4,1,3,3,1,Salário está abaixo do mercado.
RESP-0030,2024-06-01,Produto,1-3 anos,M,3,4,2,1,0,
RESP-0031,2024-06-01,RH,3-5 anos,M,4,1,2,4,0,"Boa liderança, me sinto valorizado."
RESP-0032,2024-12-01,Vendas,5+ anos,F,1,1,3,3,0,Meu gestor grita e humilha na frente de todos.
RESP-0033,2024-06-01,Marketing,1-3 anos,M,4,2,4,3,0,"Boa liderança, me sinto valorizado."
RESP-0034,2024-06-01,Engenharia,< 1 ano,M,4,1,4,3,1,
RESP-0035,2024-12-01,Operações,1-3 anos,F,1,5,2,3,0,Poderia ter mais oportunidades de crescimento.
RESP-0036,2024-12-01,Engenharia,1-3 anos,F,2,2,3,3,1,"Ambiente agradável, boa equipe."
RESP-0037,2024-12-01,Financeiro,1-3 anos,F,4,3,1,4,1,"Boa liderança, me sinto valorizado."
RESP-0038,2024-12-01,Marketing,5+ anos,M,4,4,3,2,1,
RESP-0039,2024-12-01,Marketing,3-5 anos,F,3,4,3,3,0,"Ambiente agradável, boa equipe."
RESP-0040,2024-12-01,Produto,5+ anos,M,4,5,3,3,1,Poderia ter mais oportunidades de crescimento.
RESP-0041,2024-06-01,Produto,< 1 ano,M,3,3,2,3,1,Salário está abaixo do mercado.
RESP-0042,2024-12-01,Produto,5+ anos,M,4,2,4,5,1,"Boa liderança, me sinto valorizado."
RESP-0043,2024-12-01,Produto,< 1 ano,F,5,2,4,2,1,Precisa melhorar os benefícios.
RESP-0044,2024-06-01,Produto,< 1 ano,F,3,5,3,4,0,
RESP-0045,2024-06-01,Operações,5+ anos,F,2,2,4,4,0,Falta comunicação entre departamentos.
RESP-0046,2024-06-01,Engenharia,1-3 anos,F,2,4,1,3,1,Salário está abaixo do mercado.
RESP-0047,2024-12-01,Suporte,1-3 anos,F,3,3,3,3,0,"Ambiente agradável, boa equipe."
RESP-0048,2024-12-01,RH,1-3 anos,F,3,3,2,3,1,Home office ajudou muito na qualidade de vida.
RESP-0049,2024-06-01,Produto,< 1 ano,F,3,2,2,3,1,
RESP-0050,2024-12-01,Vendas,5+ anos,M,2,2,3,4,0,Ambiente de medo. Ninguém quer falar nada.
RESP-0051,2024-06-01,Produto,1-3 anos,F,4,3,4,3,0,Falta comunicação entre departamentos.
RESP-0052,2024-06-01,RH,5+ anos,F,2,2,3,5,1,Precisa melhorar os benefícios.
RESP-0053,2024-12-01,Vendas,1-3 anos,F,2,1,3,3,0,"Fiz a mesma coisa que meu colega homem e ele foi promovido, eu não."
RESP-0054,2024-12-01,Financeiro,3-5 anos,F,5,4,3,3,1,
RESP-0055,2024-06-01,Financeiro,< 1 ano,M,1,3,1,1,1,"Ambiente agradável, boa equipe."
RESP-0056,2024-12-01,Financeiro,< 1 ano,F,4,5,2,2,0,Salário está abaixo do mercado.
RESP-0057,2024-12-01,Operações,< 1 ano,F,2,3,3,3,1,Poderia ter mais oportunidades de crescimento.
RESP-0058,2024-12-01,Operações,< 1 ano,F,4,3,3,5,1,
RESP-0059,2024-12-01,Financeiro,3-5 anos,F,4,3,3,3,1,Falta comunicação entre departamentos.
RESP-0060,2024-06-01,Operações,< 1 ano,M,1,4,2,3,0,Home office ajudou muito na qualidade de vida.
RESP-0061,2024-12-01,RH,3-5 anos,M,1,4,1,3,1,"Boa liderança, me sinto valorizado."
RESP-0062,2024-12-01,Engenharia,3-5 anos,M,4,4,3,2,0,Home office ajudou muito na qualidade de vida.
RESP-0063,2024-06-01,RH,< 1 ano,M,3,4,3,3,1,Home office ajudou muito na qualidade de vida.
RESP-0064,2024-06-01,Operações,< 1 ano,M,3,3,3,2,0,
RESP-0065,2024-06-01,Engenharia,< 1 ano,F,4,1,3,3,1,"Ambiente agradável, boa equipe."
RESP-0066,2024-12-01,Vendas,1-3 anos,M,2,1,3,3,0,Gosto do trabalho mas as metas são apertadas.
RESP-0067,2024-12-01,Financeiro,3-5 anos,F,4,5,1,5,1,Poderia ter mais oportunidades de crescimento.
RESP-0068,2024-12-01,Marketing,< 1 ano,M,1,3,2,1,1,Home office ajudou muito na qualidade de vida.
RESP-0069,2024-06-01,Financeiro,1-3 anos,F,5,2,2,3,1,"Boa liderança, me sinto valorizado."
RESP-0070,2024-06-01,Marketing,5+ anos,M,4,3,2,3,1,Salário está abaixo do mercado.
RESP-0071,2024-12-01,Produto,5+ anos,M,3,3,3,2,0,"Ambiente agradável, boa equipe."
RESP-0072,2024-06-01,Financeiro,< 1 ano,F,2,2,3,2,0,"Ambiente agradável, boa equipe."
RESP-0073,2024-06-01,Engenharia,< 1 ano,F,3,4,1,4,1,Salário está abaixo do mercado.
RESP-0074,2024-12-01,Operações,1-3 anos,M,3,3,3,2,0,Salário está abaixo do mercado.
RESP-0075,2024-06-01,Suporte,< 1 ano,F,3,3,1,3,1,
RESP-0076,2024-06-01,Engenharia,< 1 ano,F,1,1,4,2,1,"Boa liderança, me sinto valorizado."
RESP-0077,2024-12-01,RH,5+ anos,M,3,3,3,3,0,"Boa liderança, me sinto valorizado."
RESP-0078,2024-12-01,Engenharia,< 1 ano,M,2,2,3,2,0,Poderia ter mais oportunidades de crescimento.
RESP-0079,2024-06-01,Suporte,< 1 ano,M,3,4,2,1,0,"Ambiente agradável, boa equipe."
RESP-0080,2024-12-01,Suporte,1-3 anos,F,3,3,3,2,0,
RESP-0081,2024-12-01,Suporte,< 1 ano,M,1,3,3,4,1,Salário está abaixo do mercado.
RESP-0082,2024-06-01,RH,1-3 anos,F,5,3,1,2,0,Falta comunicação entre departamentos.
RESP-0083,2024-12-01,RH,< 1 ano,M,4,2,1,2,0,Precisa melhorar os benefícios.
RESP-0084,2024-06-01,Engenharia,5+ anos,F,4,4,2,2,1,"Boa liderança, me sinto valorizado."
RESP-0085,2024-06-01,Suporte,< 1 ano,M,2,1,4,3,1,
RESP-0086,2024-06-01,Produto,5+ anos,F,2,3,2,2,1,Poderia ter mais oportunidades de crescimento.
RESP-0087,2024-06-01,Engenharia,1-3 anos,M,4,2,1,3,0,Gosto do trabalho mas as metas são apertadas.
RESP-0088,2024-12-01,RH,< 1 ano,M,5,3,3,1,1,Salário está abaixo do mercado.
RESP-0089,2024-06-01,Suporte,< 1 ano,M,2,2,2,3,1,Gosto do trabalho mas as metas são apertadas.
RESP-0090,2024-06-01,Engenharia,3-5 anos,F,4,1,3,1,1,Gosto do trabalho mas as metas são apertadas.
RESP-0091,2024-06-01,RH,1-3 anos,F,2,4,3,4,1,
RESP-0092,2024-12-01,Vendas,1-3 anos,M,2,1,5,1,0,"Trabalho sob pressão absurda, sem reconhecimento."
RESP-0093,2024-06-01,Engenharia,< 1 ano,F,3,3,1,1,1,"Ambiente agradável, boa equipe."
RESP-0094,2024-06-01,Financeiro,< 1 ano,M,4,2,2,3,0,
RESP-0095,2024-06-01,Marketing,< 1 ano,F,4,4,3,2,1,Gosto do trabalho mas as metas são apertadas.
RESP-0096,2024-06-01,Operações,3-5 anos,F,3,4,3,3,1,"Boa liderança, me sinto valorizado."
RESP-0097,2024-12-01,RH,< 1 ano,F,5,1,3,3,1,Salário está abaixo do mercado.
RESP-0098,2024-06-01,Vendas,< 1 ano,M,2,1,1,4,0,"Trabalho sob pressão absurda, sem reconhecimento."
RESP-0099,2024-06-01,Engenharia,5+ anos,M,3,2,2,2,1,Gosto do trabalho mas as metas são apertadas.
RESP-0100,2024-12-01,Vendas,1-3 anos,M,1,1,1,3,0,Poderia ter mais oportunidades de crescimento.
RESP-0101,2024-12-01,Operações,1-3 anos,F,2,2,3,2,0,Precisa melhorar os benefícios.
RESP-0102,2024-12-01,RH,3-5 anos,M,3,3,4,2,0,Home office ajudou muito na qualidade de vida.
RESP-0103,2024-12-01,Marketing,3-5 anos,M,2,1,2,2,1,Precisa melhorar os benefícios.
RESP-0104,2024-06-01,Produto,1-3 anos,F,3,3,1,4,0,Gosto do trabalho mas as metas são apertadas.
RESP-0105,2024-12-01,Vendas,5+ anos,M,1,1,1,2,0,Salário está abaixo do mercado.
RESP-0106,2024-06-01,Operações,3-5 anos,M,2,2,2,2,1,Poderia ter mais oportunidades de crescimento.
RESP-0107,2024-12-01,RH,< 1 ano,M,3,2,2,1,0,Falta comunicação entre departamentos.
RESP-0108,2024-06-01,Suporte,5+ anos,M,4,2,3,4,0,Home office ajudou muito na qualidade de vida.
RESP-0109,2024-06-01,Financeiro,< 1 ano,F,3,2,2,1,1,Salário está abaixo do mercado.
RESP-0110,2024-06-01,Produto,5+ anos,F,3,2,4,3,0,Salário está abaixo do mercado.
RESP-0111,2024-12-01,Produto,1-3 anos,F,3,3,4,4,1,Precisa melhorar os benefícios.
RESP-0112,2024-12-01,Operações,1-3 anos,F,4,4,2,2,0,Poderia ter mais oportunidades de crescimento.
RESP-0113,2024-12-01,Marketing,3-5 anos,F,3,2,1,3,1,Poderia ter mais oportunidades de crescimento.
RESP-0114,2024-12-01,Engenharia,< 1 ano,M,5,2,2,3,1,Gosto do trabalho mas as metas são apertadas.
RESP-0115,2024-06-01,Financeiro,3-5 anos,M,3,5,3,2,1,Precisa melhorar os benefícios.
RESP-0116,2024-06-01,Engenharia,< 1 ano,F,4,1,3,3,0,Salário está abaixo do mercado.
RESP-0117,2024-12-01,RH,1-3 anos,F,2,2,1,3,0,Falta comunicação entre departamentos.
RESP-0118,2024-06-01,Vendas,3-5 anos,M,2,1,3,3,0,Chefe faz piadas machistas e ninguém toma providência.
RESP-0119,2024-06-01,Engenharia,< 1 ano,F,4,2,1,1,0,Salário está abaixo do mercado.
RESP-0120,2024-06-01,Marketing,3-5 anos,M,2,1,1,3,1,Falta comunicação entre departamentos.
RESP-0121,2024-06-01,Vendas,3-5 anos,F,2,1,2,1,0,Pedem resultado impossível e depois culpam a equipe.
RESP-0122,2024-12-01,Marketing,< 1 ano,M,3,1,3,2,1,Precisa melhorar os benefícios.
RESP-0123,2024-12-01,Engenharia,3-5 anos,M,2,5,2,4,1,Gosto do trabalho mas as metas são apertadas.
RESP-0124,2024-06-01,RH,5+ anos,F,3,3,5,3,1,
RESP-0125,2024-06-01,RH,5+ anos,M,2,3,1,2,1,Home office ajudou muito na qualidade de vida.
RESP-0126,2024-12-01,Engenharia,5+ anos,F,1,2,2,1,1,Home office ajudou muito na qualidade de vida.
RESP-0127,2024-06-01,Produto,5+ anos,F,4,2,2,3,0,Home office ajudou muito na qualidade de vida.
RESP-0128,2024-06-01,Engenharia,3-5 anos,F,2,4,1,3,0,
RESP-0129,2024-06-01,Financeiro,1-3 anos,M,3,4,3,2,0,Falta comunicação entre departamentos.
RESP-0130,2024-06-01,Operações,5+ anos,M,4,2,1,3,0,Home office ajudou muito na qualidade de vida.
RESP-0131,2024-12-01,RH,3-5 anos,F,2,2,3,3,0,"Ambiente agradável, boa equipe."
RESP-0132,2024-06-01,Produto,5+ anos,F,2,1,2,3,1,Poderia ter mais oportunidades de crescimento.
RESP-0133,2024-06-01,Vendas,3-5 anos,M,1,1,1,3,0,Meu gestor grita e humilha na frente de todos.
RESP-0134,2024-12-01,Marketing,< 1 ano,F,2,2,3,2,0,Precisa melhorar os benefícios.
RESP-0135,2024-12-01,Financeiro,1-3 anos,M,1,2,2,4,0,Gosto do trabalho mas as metas são apertadas.
RESP-0136,2024-12-01,Engenharia,1-3 anos,F,1,3,3,4,1,Gosto do trabalho mas as metas são apertadas.
RESP-0137,2024-12-01,Operações,5+ anos,F,3,3,1,4,0,Home office ajudou muito na qualidade de vida.
RESP-0138,2024-12-01,Vendas,3-5 anos,M,1,1,2,3,0,Ambiente de medo. Ninguém quer falar nada.
RESP-0139,2024-12-01,Suporte,< 1 ano,M,5,3,2,1,0,Falta comunicação entre departamentos.
RESP-0140,2024-06-01,Financeiro,5+ anos,M,2,2,3,1,0,"Boa liderança, me sinto valorizado."
RESP-0141,2024-12-01,RH,5+ anos,M,2,3,2,2,1,Falta comunicação entre departamentos.
RESP-0142,2024-06-01,Produto,5+ anos,M,4,3,2,3,0,Gosto do trabalho mas as metas são apertadas.
RESP-0143,2024-06-01,Financeiro,3-5 anos,F,4,2,5,1,1,"Boa liderança, me sinto valorizado."
RESP-0144,2024-06-01,Vendas,3-5 anos,F,2,1,3,3,1,Ambiente de medo. Ninguém quer falar nada.
RESP-0145,2024-06-01,Operações,3-5 anos,M,4,3,1,1,1,Precisa melhorar os benefícios.
RESP-0146,2024-12-01,Produto,< 1 ano,M,2,3,1,4,1,"Ambiente agradável, boa equipe."
RESP-0147,2024-12-01,Suporte,1-3 anos,F,5,3,2,2,1,Falta comunicação entre departamentos.
RESP-0148,2024-12-01,Engenharia,1-3 anos,M,2,2,3,1,1,"Boa liderança, me sinto valorizado."
RESP-0149,2024-12-01,Marketing,5+ anos,F,4,3,4,2,0,Poderia ter mais oportunidades de crescimento.
RESP-0150,2024-12-01,Operações,3-5 anos,F,3,5,2,3,0,Gosto do trabalho mas as metas são apertadas.
RESP-0151,2024-06-01,Marketing,3-5 anos,F,3,4,4,2,1,Falta comunicação entre departamentos.
RESP-0152,2024-06-01,Produto,5+ anos,F,2,4,1,3,0,"Boa liderança, me sinto valorizado."
RESP-0153,2024-12-01,Engenharia,1-3 anos,F,2,1,2,4,1,"Boa liderança, me sinto valorizado."
RESP-0154,2024-06-01,RH,< 1 ano,F,3,1,4,4,0,"Boa liderança, me sinto valorizado."
RESP-0155,2024-06-01,RH,3-5 anos,F,4,2,2,4,0,Gosto do trabalho mas as metas são apertadas.
RESP-0156,2024-06-01,Suporte,5+ anos,M,2,3,2,4,1,"Ambiente agradável, boa equipe."
RESP-0157,2024-12-01,Financeiro,1-3 anos,M,2,3,2,1,1,
RESP-0158,2024-06-01,Produto,1-3 anos,F,4,3,4,2,1,Home office ajudou muito na qualidade de vida.
RESP-0159,2024-12-01,Engenharia,3-5 anos,M,1,3,4,3,1,Salário está abaixo do mercado.
RESP-0160,2024-12-01,Operações,5+ anos,M,3,2,3,3,1,Falta comunicação entre departamentos.
RESP-0161,2024-06-01,Vendas,5+ anos,F,1,1,3,2,0,"Trabalho sob pressão absurda, sem reconhecimento."
RESP-0162,2024-12-01,Vendas,3-5 anos,M,2,1,4,1,0,"Trabalho sob pressão absurda, sem reconhecimento."
RESP-0163,2024-12-01,Produto,5+ anos,F,4,4,1,2,0,Precisa melhorar os benefícios.
RESP-0164,2024-06-01,Vendas,< 1 ano,F,2,1,2,5,1,Chefe faz piadas machistas e ninguém toma providência.
RESP-0165,2024-12-01,Suporte,5+ anos,F,1,1,2,1,1,Precisa melhorar os benefícios.
RESP-0166,2024-06-01,Marketing,5+ anos,F,4,3,3,3,0,Home office ajudou muito na qualidade de vida.
RESP-0167,2024-06-01,Financeiro,1-3 anos,M,3,2,1,2,1,Precisa melhorar os benefícios.
RESP-0168,2024-06-01,Produto,1-3 anos,F,1,5,3,5,1,Precisa melhorar os benefícios.
RESP-0169,2024-06-01,Produto,5+ anos,M,4,4,4,2,1,Gosto do trabalho mas as metas são apertadas.
RESP-0170,2024-12-01,Suporte,3-5 anos,F,2,2,2,3,0,
RESP-0171,2024-12-01,Vendas,< 1 ano,M,1,1,4,4,1,"Trabalho sob pressão absurda, sem reconhecimento."
RESP-0172,2024-06-01,Engenharia,< 1 ano,F,3,2,4,4,0,Salário está abaixo do mercado.
RESP-0173,2024-06-01,Financeiro,1-3 anos,F,3,4,4,4,1,"Ambiente agradável, boa equipe."
RESP-0174,2024-12-01,Suporte,3-5 anos,F,4,3,3,3,1,Home office ajudou muito na qualidade de vida.
RESP-0175,2024-12-01,Suporte,1-3 anos,F,3,4,3,4,0,Home office ajudou muito na qualidade de vida.
RESP-0176,2024-12-01,Produto,1-3 anos,F,5,2,4,2,0,Gosto do trabalho mas as metas são apertadas.
RESP-0177,2024-06-01,Operações,< 1 ano,M,5,3,4,1,1,Precisa melhorar os benefícios.
RESP-0178,2024-12-01,Financeiro,3-5 anos,F,3,5,1,1,1,"Ambiente agradável, boa equipe."
RESP-0179,2024-12-01,Financeiro,5+ anos,F,3,2,3,3,1,Home office ajudou muito na qualidade de vida.
RESP-0180,2024-12-01,Suporte,1-3 anos,F,2,5,2,3,0,Salário está abaixo do mercado.
RESP-0181,2024-12-01,Vendas,3-5 anos,F,1,2,3,3,0,O gestor dá as melhores metas para os amigos dele.
RESP-0182,2024-06-01,Operações,< 1 ano,M,4,3,1,3,1,Home office ajudou muito na qualidade de vida.
RESP-0183,2024-12-01,RH,5+ anos,M,3,3,4,4,1,"Boa liderança, me sinto valorizado."
RESP-0184,2024-12-01,Financeiro,3-5 anos,M,2,3,3,2,1,"Ambiente agradável, boa equipe."
RESP-0185,2024-12-01,Produto,< 1 ano,M,2,4,3,2,1,Home office ajudou muito na qualidade de vida.
RESP-0186,2024-06-01,RH,5+ anos,M,3,4,2,2,1,Home office ajudou muito na qualidade de vida.
RESP-0187,2024-06-01,Produto,< 1 ano,M,5,3,2,3,1,Salário está abaixo do mercado.
RESP-0188,2024-06-01,RH,1-3 anos,F,3,3,2,3,0,"Ambiente agradável, boa equipe."
RESP-0189,2024-12-01,Suporte,< 1 ano,M,2,2,1,1,0,Gosto do trabalho mas as metas são apertadas.
RESP-0190,2024-06-01,Vendas,3-5 anos,M,2,1,2,2,0,"Trabalho sob pressão absurda, sem reconhecimento."
RESP-0191,2024-12-01,Financeiro,< 1 ano,M,2,3,3,3,1,
RESP-0192,2024-12-01,Produto,< 1 ano,M,3,4,2,4,1,
RESP-0193,2024-06-01,Marketing,1-3 anos,F,3,2,4,3,1,Salário está abaixo do mercado.
RESP-0194,2024-12-01,Marketing,3-5 anos,M,5,2,2,2,0,Home office ajudou muito na qualidade de vida.
RESP-0195,2024-12-01,Produto,5+ anos,F,3,2,3,2,1,
RESP-0196,2024-12-01,Financeiro,3-5 anos,F,2,2,2,3,0,Precisa melhorar os benefícios.
RESP-0197,2024-12-01,Suporte,3-5 anos,F,5,2,3,2,1,Poderia ter mais oportunidades de crescimento.
RESP-0198,2024-12-01,Engenharia,< 1 ano,M,2,4,3,3,1,Salário está abaixo do mercado.
RESP-0199,2024-06-01,Financeiro,5+ anos,M,3,3,4,3,0,"Ambiente agradável, boa equipe."
RESP-0200,2024-06-01,Marketing,< 1 ano,F,2,2,1,4,1,Falta comunicação entre departamentos.
RESP-0201,2024-06-01,Produto,1-3 anos,M,4,3,2,2,0,Gosto do trabalho mas as metas são apertadas.
RESP-0202,2024-12-01,Engenharia,5+ anos,M,5,3,3,3,1,"Ambiente agradável, boa equipe."
RESP-0203,2024-12-01,Engenharia,< 1 ano,M,4,2,4,3,0,Poderia ter mais oportunidades de crescimento.
RESP-0204,2024-06-01,Operações,5+ anos,F,1,3,2,4,1,Salário está abaixo do mercado.
RESP-0205,2024-06-01,Vendas,5+ anos,M,1,1,3,3,0,Chefe faz piadas machistas e ninguém toma providência.
RESP-0206,2024-12-01,Marketing,< 1 ano,M,3,2,2,2,1,"Ambiente agradável, boa equipe."
RESP-0207,2024-12-01,Financeiro,< 1 ano,M,4,2,1,2,1,Gosto do trabalho mas as metas são apertadas.
RESP-0208,2024-12-01,Financeiro,< 1 ano,M,4,2,3,4,1,Home office ajudou muito na qualidade de vida.
RESP-0209,2024-06-01,Financeiro,1-3 anos,F,4,2,3,1,0,Home office ajudou muito na qualidade de vida.
RESP-0210,2024-06-01,Produto,3-5 anos,M,1,4,2,1,0,
RESP-0211,2024-12-01,Financeiro,1-3 anos,M,3,4,3,4,1,Gosto do trabalho mas as metas são apertadas.
RESP-0212,2024-06-01,Vendas,5+ anos,F,1,1,3,2,0,Chefe faz piadas machistas e ninguém toma providência.
RESP-0213,2024-06-01,Suporte,1-3 anos,M,3,4,4,1,1,Precisa melhorar os benefícios.
RESP-0214,2024-12-01,RH,5+ anos,F,3,4,2,4,1,Falta comunicação entre departamentos.
RESP-0215,2024-12-01,Vendas,1-3 anos,M,2,1,2,4,0,Meu gestor grita e humilha na frente de todos.
RESP-0216,2024-06-01,Engenharia,5+ anos,F,4,2,3,3,1,"Boa liderança, me sinto valorizado."
RESP-0217,2024-12-01,Suporte,3-5 anos,F,2,3,3,1,1,Gosto do trabalho mas as metas são apertadas.
RESP-0218,2024-12-01,Produto,< 1 ano,F,5,1,2,1,1,Home office ajudou muito na qualidade de vida.
RESP-0219,2024-06-01,Engenharia,1-3 anos,F,3,1,2,1,1,Salário está abaixo do mercado.
RESP-0220,2024-12-01,RH,5+ anos,F,3,2,1,1,1,
RESP-0221,2024-12-01,Marketing,< 1 ano,F,4,3,3,5,0,Salário está abaixo do mercado.
RESP-0222,2024-12-01,Financeiro,5+ anos,M,3,2,3,4,1,Precisa melhorar os benefícios.
RESP-0223,2024-06-01,Marketing,< 1 ano,F,3,4,3,4,1,Falta comunicação entre departamentos.
RESP-0224,2024-12-01,Vendas,3-5 anos,M,1,1,3,2,0,"Fiz a mesma coisa que meu colega homem e ele foi promovido, eu não."
RESP-0225,2024-06-01,Suporte,< 1 ano,F,3,2,3,2,0,"Boa liderança, me sinto valorizado."
RESP-0226,2024-06-01,Marketing,< 1 ano,F,3,3,4,3,1,Salário está abaixo do mercado.
RESP-0227,2024-06-01,Marketing,3-5 anos,F,4,4,2,1,0,"Ambiente agradável, boa equipe."
RESP-0228,2024-06-01,Vendas,1-3 anos,M,2,1,4,2,0,Poderia ter mais oportunidades de crescimento.
RESP-0229,2024-12-01,Suporte,5+ anos,F,3,3,2,1,1,Salário está abaixo do mercado.
RESP-0230,2024-06-01,Operações,5+ anos,M,3,3,2,1,1,"Boa liderança, me sinto valorizado."
RESP-0231,2024-12-01,Engenharia,< 1 ano,F,1,3,3,3,1,
RESP-0232,2024-06-01,Marketing,3-5 anos,M,3,2,1,5,0,Falta comunicação entre departamentos.
RESP-0233,2024-06-01,Vendas,3-5 anos,F,2,1,2,3,1,
RESP-0234,2024-06-01,Engenharia,1-3 anos,F,4,2,4,1,0,Gosto do trabalho mas as metas são apertadas.
RESP-0235,2024-06-01,RH,5+ anos,M,2,1,2,2,0,Gosto do trabalho mas as metas são apertadas.
RESP-0236,2024-12-01,Operações,3-5 anos,F,1,2,2,3,1,Gosto do trabalho mas as metas são apertadas.
RESP-0237,2024-06-01,Suporte,3-5 anos,F,3,2,2,4,1,Gosto do trabalho mas as metas são apertadas.
RESP-0238,2024-06-01,RH,< 1 ano,M,3,4,2,3,0,Home office ajudou muito na qualidade de vida.
RESP-0239,2024-06-01,Engenharia,5+ anos,F,3,2,1,1,1,Salário está abaixo do mercado.
RESP-0240,2024-06-01,Suporte,< 1 ano,M,3,2,2,2,1,"Ambiente agradável, boa equipe."
RESP-0241,2024-06-01,Financeiro,< 1 ano,F,3,1,2,4,1,Gosto do trabalho mas as metas são apertadas.
RESP-0242,2024-06-01,Financeiro,3-5 anos,M,4,4,4,4,1,Poderia ter mais oportunidades de crescimento.
RESP-0243,2024-12-01,Vendas,1-3 anos,F,1,2,3,1,0,Gosto do trabalho mas as metas são apertadas.
RESP-0244,2024-12-01,Vendas,1-3 anos,M,2,1,2,3,0,Chefe faz piadas machistas e ninguém toma providência.
RESP-0245,2024-12-01,Financeiro,3-5 anos,F,3,3,2,1,0,Salário está abaixo do mercado.
RESP-0246,2024-06-01,Vendas,< 1 ano,M,2,1,3,3,0,Ambiente de medo. Ninguém quer falar nada.
RESP-0247,2024-12-01,Operações,3-5 anos,F,3,3,1,3,1,Precisa melhorar os benefícios.
RESP-0248,2024-12-01,Suporte,1-3 anos,F,4,2,3,1,0,"Ambiente agradável, boa equipe."
RESP-0249,2024-06-01,Marketing,5+ anos,F,4,4,1,4,1,Precisa melhorar os benefícios.
RESP-0250,2024-12-01,Suporte,1-3 anos,F,2,2,1,2,1,Home office ajudou muito na qualidade de vida.
RESP-0251,2024-06-01,Financeiro,< 1 ano,F,3,2,4,3,1,
RESP-0252,2024-12-01,Suporte,5+ anos,M,3,2,3,4,1,Home office ajudou muito na qualidade de vida.
RESP-0253,2024-12-01,Vendas,3-5 anos,F,1,2,1,1,0,
RESP-0254,2024-06-01,Produto,< 1 ano,F,3,2,3,3,1,Salário está abaixo do mercado.
RESP-0255,2024-12-01,Vendas,< 1 ano,M,1,1,4,3,0,"Trabalho sob pressão absurda, sem reconhecimento."
RESP-0256,2024-12-01,RH,1-3 anos,F,4,4,4,2,1,"Ambiente agradável, boa equipe."
RESP-0257,2024-06-01,Financeiro,1-3 anos,M,4,2,2,4,0,
RESP-0258,2024-06-01,Vendas,5+ anos,M,2,1,5,3,1,Pedem resultado impossível e depois culpam a equipe.
RESP-0259,2024-12-01,Suporte,< 1 ano,M,4,1,1,3,1,Falta comunicação entre departamentos.
RESP-0260,2024-06-01,Produto,3-5 anos,M,3,3,1,3,1,
RESP-0261,2024-06-01,Vendas,1-3 anos,M,2,2,3,3,0,Meu gestor grita e humilha na frente de todos.
RESP-0262,2024-12-01,Vendas,3-5 anos,F,1,1,4,2,1,"Ambiente agradável, boa equipe."
RESP-0263,2024-06-01,Engenharia,3-5 anos,F,3,4,2,1,0,"Ambiente agradável, boa equipe."
RESP-0264,2024-06-01,Engenharia,< 1 ano,M,5,1,2,1,0,"Boa liderança, me sinto valorizado."
RESP-0265,2024-12-01,Engenharia,3-5 anos,F,4,2,2,2,1,Gosto do trabalho mas as metas são apertadas.
RESP-0266,2024-12-01,Engenharia,1-3 anos,M,2,4,3,3,1,"Ambiente agradável, boa equipe."
RESP-0267,2024-06-01,Suporte,< 1 ano,F,4,2,2,4,0,Poderia ter mais oportunidades de crescimento.
RESP-0268,2024-06-01,Suporte,3-5 anos,M,3,3,3,3,1,Falta comunicação entre departamentos.
RESP-0269,2024-12-01,RH,5+ anos,M,1,2,3,3,1,Salário está abaixo do mercado.
RESP-0270,2024-06-01,Financeiro,3-5 anos,M,2,2,4,3,1,Poderia ter mais oportunidades de crescimento.
RESP-0271,2024-06-01,Marketing,< 1 ano,F,4,5,3,3,0,
RESP-0272,2024-12-01,Operações,3-5 anos,F,4,5,3,1,1,Falta comunicação entre departamentos.
RESP-0273,2024-12-01,RH,1-3 anos,M,2,3,3,4,1,"Boa liderança, me sinto valorizado."
RESP-0274,2024-06-01,RH,1-3 anos,M,4,1,1,2,0,Poderia ter mais oportunidades de crescimento.
RESP-0275,2024-06-01,Operações,5+ anos,F,4,5,1,3,1,Salário está abaixo do mercado.
RESP-0276,2024-12-01,Operações,5+ anos,M,3,3,2,4,0,Precisa melhorar os benefícios.
RESP-0277,2024-12-01,Produto,5+ anos,F,3,4,1,1,1,Home office ajudou muito na qualidade de vida.
RESP-0278,2024-12-01,Vendas,3-5 anos,M,2,1,2,1,0,Pedem resultado impossível e depois culpam a equipe.
RESP-0279,2024-12-01,Engenharia,3-5 anos,M,1,3,3,4,1,Gosto do trabalho mas as metas são apertadas.
RESP-0280,2024-12-01,RH,3-5 anos,F,3,3,2,1,1,
RESP-0281,2024-06-01,Engenharia,< 1 ano,F,4,4,3,3,0,Gosto do trabalho mas as metas são apertadas.
RESP-0282,2024-06-01,Operações,< 1 ano,M,2,5,2,2,1,"Boa liderança, me sinto valorizado."
RESP-0283,2024-12-01,Vendas,3-5 anos,M,1,1,3,2,0,Meu gestor grita e humilha na frente de todos.
RESP-0284,2024-12-01,Suporte,5+ anos,F,3,5,1,4,0,Gosto do trabalho mas as metas são apertadas.
RESP-0285,2024-06-01,Engenharia,< 1 ano,M,1,1,3,2,0,Precisa melhorar os benefícios.
RESP-0286,2024-12-01,Marketing,< 1 ano,F,2,2,3,3,0,
RESP-0287,2024-06-01,Operações,< 1 ano,F,2,2,3,5,0,Poderia ter mais oportunidades de crescimento.
RESP-0288,2024-06-01,Financeiro,5+ anos,M,2,1,4,5,1,Poderia ter mais oportunidades de crescimento.
RESP-0289,2024-06-01,Suporte,3-5 anos,F,4,3,2,1,1,"Ambiente agradável, boa equipe."
RESP-0290,2024-06-01,Operações,< 1 ano,M,3,3,3,2,1,Precisa melhorar os benefícios.
RESP-0291,2024-12-01,Marketing,3-5 anos,F,4,2,3,3,0,Precisa melhorar os benefícios.
RESP-0292,2024-06-01,Operações,< 1 ano,M,2,3,1,5,0,"Ambiente agradável, boa equipe."
RESP-0293,2024-06-01,RH,5+ anos,M,2,1,3,1,1,Falta comunicação entre departamentos.
RESP-0294,2024-06-01,Produto,1-3 anos,M,2,3,3,3,1,Home office ajudou muito na qualidade de vida.
RESP-0295,2024-06-01,Engenharia,5+ anos,M,4,3,2,4,1,Gosto do trabalho mas as metas são apertadas.
RESP-0296,2024-06-01,Vendas,5+ anos,M,1,1,2,2,0,O gestor dá as melhores metas para os amigos dele.
RESP-0297,2024-12-01,Marketing,3-5 anos,M,2,3,4,2,0,Gosto do trabalho mas as metas são apertadas.
RESP-0298,2024-12-01,Produto,1-3 anos,F,4,5,2,4,1,
RESP-0299,2024-06-01,RH,1-3 anos,F,3,3,3,1,1,Home office ajudou muito na qualidade de vida.
RESP-0300,2024-12-01,Financeiro,5+ anos,F,4,4,4,3,0,Precisa melhorar os benefícios.
RESP-0301,2024-12-01,Engenharia,3-5 anos,M,2,3,3,2,0,Salário está abaixo do mercado.
RESP-0302,2024-06-01,Operações,3-5 anos,F,1,3,3,1,0,"Boa liderança, me sinto valorizado."
RESP-0303,2024-06-01,Vendas,< 1 ano,M,2,1,1,3,0,Chefe faz piadas machistas e ninguém toma providência.
RESP-0304,2024-12-01,Vendas,< 1 ano,M,2,1,1,2,0,Já vi colega chorando depois de reunião com o gerente.
RESP-0305,2024-06-01,Operações,< 1 ano,F,4,3,2,4,1,Gosto do trabalho mas as metas são apertadas.
RESP-0306,2024-06-01,Vendas,5+ anos,F,3,1,3,2,0,Precisa melhorar os benefícios.
RESP-0307,2024-06-01,Marketing,< 1 ano,M,3,1,5,4,0,Poderia ter mais oportunidades de crescimento.
RESP-0308,2024-12-01,Suporte,1-3 anos,F,3,2,5,3,0,Gosto do trabalho mas as metas são apertadas.
RESP-0309,2024-12-01,Vendas,< 1 ano,F,2,1,3,4,1,"Trabalho sob pressão absurda, sem reconhecimento."
RESP-0310,2024-06-01,Financeiro,< 1 ano,M,1,1,2,4,1,"Ambiente agradável, boa equipe."
RESP-0311,2024-06-01,Suporte,5+ anos,M,4,3,1,3,1,Precisa melhorar os benefícios.
RESP-0312,2024-12-01,RH,< 1 ano,M,5,3,3,4,1,"Ambiente agradável, boa equipe."
RESP-0313,2024-06-01,Financeiro,1-3 anos,F,3,4,4,3,1,Precisa melhorar os benefícios.
RESP-0314,2024-06-01,Suporte,3-5 anos,F,3,2,3,3,1,"Boa liderança, me sinto valorizado."
RESP-0315,2024-12-01,Financeiro,5+ anos,M,3,4,1,4,1,Poderia ter mais oportunidades de crescimento.
RESP-0316,2024-06-01,Vendas,1-3 anos,M,1,1,5,4,0,O gestor dá as melhores metas para os amigos dele.
RESP-0317,2024-12-01,Produto,1-3 anos,M,5,1,3,2,1,Poderia ter mais oportunidades de crescimento.
RESP-0318,2024-12-01,Operações,5+ anos,F,5,4,1,3,0,"Ambiente agradável, boa equipe."
RESP-0319,2024-12-01,Engenharia,5+ anos,F,2,4,1,4,1,"Boa liderança, me sinto valorizado."
RESP-0320,2024-06-01,RH,< 1 ano,F,2,3,2,4,0,Gosto do trabalho mas as metas são apertadas.
RESP-0321,2024-06-01,Marketing,1-3 anos,F,4,3,1,1,0,Falta comunicação entre departamentos.
RESP-0322,2024-06-01,Suporte,< 1 ano,F,1,2,3,3,0,
RESP-0323,2024-06-01,Produto,1-3 anos,F,3,2,2,2,1,Salário está abaixo do mercado.
RESP-0324,2024-06-01,Financeiro,3-5 anos,F,2,5,3,1,1,Falta comunicação entre departamentos.
RESP-0325,2024-06-01,RH,< 1 ano,F,2,3,2,5,1,Falta comunicação entre departamentos.
RESP-0326,2024-06-01,Vendas,5+ anos,M,2,2,3,2,0,"Boa liderança, me sinto valorizado."
RESP-0327,2024-12-01,Financeiro,3-5 anos,F,4,3,1,3,1,"Boa liderança, me sinto valorizado."
RESP-0328,2024-06-01,Operações,1-3 anos,M,3,3,2,2,0,Falta comunicação entre departamentos.
RESP-0329,2024-06-01,Engenharia,5+ anos,F,2,3,4,4,1,"Boa liderança, me sinto valorizado."
RESP-0330,2024-12-01,Engenharia,1-3 anos,M,2,4,3,5,0,Falta comunicação entre departamentos.
RESP-0331,2024-12-01,Operações,< 1 ano,F,4,3,2,4,0,Falta comunicação entre departamentos.
RESP-0332,2024-06-01,RH,3-5 anos,F,2,4,4,1,1,"Ambiente agradável, boa equipe."
RESP-0333,2024-06-01,Engenharia,1-3 anos,M,3,1,3,3,1,Poderia ter mais oportunidades de crescimento.
RESP-0334,2024-06-01,Suporte,5+ anos,F,2,2,4,4,0,Precisa melhorar os benefícios.
RESP-0335,2024-12-01,RH,1-3 anos,F,3,4,3,3,1,Poderia ter mais oportunidades de crescimento.
RESP-0336,2024-06-01,Operações,5+ anos,F,3,2,2,1,1,
RESP-0337,2024-06-01,RH,< 1 ano,F,3,3,3,1,1,Precisa melhorar os benefícios.
RESP-0338,2024-06-01,Produto,3-5 anos,M,2,3,3,4,0,
RESP-0339,2024-06-01,Marketing,3-5 anos,M,2,4,3,2,0,Home office ajudou muito na qualidade de vida.
RESP-0340,2024-06-01,Produto,5+ anos,F,3,4,3,4,1,"Boa liderança, me sinto valorizado."
RESP-0341,2024-12-01,Vendas,3-5 anos,M,1,1,1,5,0,Ambiente de medo. Ninguém quer falar nada.
RESP-0342,2024-12-01,Suporte,5+ anos,M,2,2,3,1,0,
RESP-0343,2024-06-01,Produto,1-3 anos,M,3,5,1,4,1,"Boa liderança, me sinto valorizado."
RESP-0344,2024-12-01,Marketing,< 1 ano,F,3,3,1,3,1,"Boa liderança, me sinto valorizado."
RESP-0345,2024-12-01,Produto,3-5 anos,F,1,2,5,3,1,Home office ajudou muito na qualidade de vida.
RESP-0346,2024-06-01,Engenharia,5+ anos,M,3,3,3,1,1,Salário está abaixo do mercado.
RESP-0347,2024-06-01,Produto,5+ anos,F,5,2,2,1,1,Precisa melhorar os benefícios.
RESP-0348,2024-12-01,Vendas,< 1 ano,M,2,1,4,3,0,Poderia ter mais oportunidades de crescimento.
RESP-0349,2024-06-01,Engenharia,5+ anos,F,4,3,2,1,0,"Boa liderança, me sinto valorizado."
RESP-0350,2024-12-01,Marketing,3-5 anos,F,4,1,2,4,0,Home office ajudou muito na qualidade de vida.
RESP-0351,2024-12-01,Financeiro,1-3 anos,F,3,3,1,5,0,Poderia ter mais oportunidades de crescimento.
RESP-0352,2024-12-01,Marketing,3-5 anos,F,5,3,2,5,1,Poderia ter mais oportunidades de crescimento.
RESP-0353,2024-12-01,Suporte,3-5 anos,F,3,3,4,2,1,Gosto do trabalho mas as metas são apertadas.
RESP-0354,2024-06-01,Vendas,< 1 ano,M,1,1,5,3,1,Falta comunicação entre departamentos.
RESP-0355,2024-12-01,Suporte,5+ anos,F,1,5,3,4,1,Salário está abaixo do mercado.
RESP-0356,2024-12-01,Financeiro,1-3 anos,M,5,3,3,4,0,
RESP-0357,2024-12-01,Engenharia,3-5 anos,M,3,3,2,2,0,Precisa melhorar os benefícios.
RESP-0358,2024-12-01,Engenharia,5+ anos,M,4,3,3,3,0,Poderia ter mais oportunidades de crescimento.
RESP-0359,2024-06-01,RH,< 1 ano,F,4,4,5,3,0,Poderia ter mais oportunidades de crescimento.
RESP-0360,2024-12-01,Produto,5+ anos,M,3,1,2,4,1,Home office ajudou muito na qualidade de vida.
RESP-0361,2024-12-01,RH,5+ anos,F,2,4,4,3,1,"Ambiente agradável, boa equipe."
RESP-0362,2024-12-01,Vendas,1-3 anos,F,2,2,2,3,1,
RESP-0363,2024-12-01,Operações,1-3 anos,M,3,3,4,2,0,Home office ajudou muito na qualidade de vida.
RESP-0364,2024-12-01,Financeiro,3-5 anos,F,3,3,2,3,1,Salário está abaixo do mercado.
RESP-0365,2024-06-01,Engenharia,5+ anos,M,1,4,4,3,0,Salário está abaixo do mercado.
RESP-0366,2024-06-01,Operações,3-5 anos,M,4,3,4,2,0,Home office ajudou muito na qualidade de vida.
RESP-0367,2024-06-01,Operações,1-3 anos,M,3,2,2,2,1,"Ambiente agradável, boa equipe."
RESP-0368,2024-12-01,Financeiro,< 1 ano,M,4,1,3,5,1,"Boa liderança, me sinto valorizado."
RESP-0369,2024-12-01,Suporte,1-3 anos,M,2,3,4,2,0,Home office ajudou muito na qualidade de vida.
RESP-0370,2024-12-01,Suporte,1-3 anos,F,2,3,2,3,0,Falta comunicação entre departamentos.
RESP-0371,2024-06-01,Engenharia,5+ anos,M,3,2,3,3,0,Poderia ter mais oportunidades de crescimento.
RESP-0372,2024-12-01,Financeiro,3-5 anos,M,5,3,1,1,1,Falta comunicação entre departamentos.
RESP-0373,2024-12-01,Produto,5+ anos,F,4,2,3,2,1,Falta comunicação entre departamentos.
RESP-0374,2024-12-01,RH,5+ anos,M,2,4,3,4,1,"Ambiente agradável, boa equipe."
RESP-0375,2024-12-01,Produto,5+ anos,F,5,2,2,5,1,"Boa liderança, me sinto valorizado."
RESP-0376,2024-12-01,Produto,< 1 ano,F,3,3,3,3,0,"Boa liderança, me sinto valorizado."
RESP-0377,2024-06-01,Engenharia,3-5 anos,F,3,2,1,4,1,Home office ajudou muito na qualidade de vida.
RESP-0378,2024-06-01,Vendas,5+ anos,F,1,1,3,3,0,"Fiz a mesma coisa que meu colega homem e ele foi promovido, eu não."
RESP-0379,2024-06-01,Vendas,< 1 ano,F,1,1,1,3,0,Meu gestor grita e humilha na frente de todos.
RESP-0380,2024-12-01,Produto,1-3 anos,F,2,3,3,2,1,Falta comunicação entre departamentos.
RESP-0381,2024-12-01,Suporte,5+ anos,F,4,4,1,4,0,"Ambiente agradável, boa equipe."
RESP-0382,2024-06-01,Operações,5+ anos,F,4,3,3,1,1,Home office ajudou muito na qualidade de vida.
RESP-0383,2024-06-01,Engenharia,5+ anos,F,5,3,2,1,0,"Ambiente agradável, boa equipe."
RESP-0384,2024-12-01,Operações,1-3 anos,F,3,1,4,4,1,Falta comunicação entre departamentos.
RESP-0385,2024-06-01,Operações,< 1 ano,M,3,4,1,3,1,Poderia ter mais oportunidades de crescimento.
RESP-0386,2024-12-01,Engenharia,5+ anos,M,3,2,2,2,0,Gosto do trabalho mas as metas são apertadas.
RESP-0387,2024-06-01,Suporte,5+ anos,F,2,3,1,2,1,Home office ajudou muito na qualidade de vida.
RESP-0388,2024-12-01,Engenharia,3-5 anos,M,2,3,2,3,1,Precisa melhorar os benefícios.
RESP-0389,2024-06-01,Vendas,1-3 anos,F,3,1,1,4,0,Precisa melhorar os benefícios.
RESP-0390,2024-12-01,Engenharia,1-3 anos,M,2,5,2,1,1,Precisa melhorar os benefícios.
RESP-0391,2024-06-01,Marketing,< 1 ano,M,4,2,2,3,1,Home office ajudou muito na qualidade de vida.
RESP-0392,2024-06-01,Marketing,< 1 ano,F,4,3,4,5,1,
RESP-0393,2024-06-01,Operações,1-3 anos,F,2,5,3,2,1,"Boa liderança, me sinto valorizado."
RESP-0394,2024-06-01,Operações,3-5 anos,F,1,3,4,4,1,
RESP-0395,2024-06-01,Produto,5+ anos,M,4,4,1,3,0,Salário está abaixo do mercado.
RESP-0396,2024-12-01,Suporte,3-5 anos,F,2,1,4,3,0,"Boa liderança, me sinto valorizado."
RESP-0397,2024-06-01,Produto,5+ anos,M,3,4,3,2,1,"Boa liderança, me sinto valorizado."
RESP-0398,2024-06-01,Vendas,3-5 anos,F,3,1,3,3,0,Meu gestor grita e humilha na frente de todos.
RESP-0399,2024-06-01,Operações,1-3 anos,M,3,2,2,3,1,Falta comunicação entre departamentos.
RESP-0400,2024-12-01,Engenharia,5+ anos,M,3,3,3,1,0,Salário está abaixo do mercado.
